"Y","A","V1","V2","V3","V4","V5","V6","V7","V8","V9","V10","V11","V12","V13","V14","V15","V16","V17","V18","V19","V20","V21","V22","V23","V24","V25","V26","V27","V28","V29"
10.4429147082629,1,0,0,17,0,0,3,3,0,4,0,1,1,1,0,1,0,0,0,1,1,0,0,3,2,3,0,0,2,4
8.92964569631324,1,0,0,16,0,1,0,0,0,2,0,0,0,1,0,0,1,0,0,0,1,1,0,4,2,2,0,0,2,2
12.0112016976639,0,0,0,14,1,1,0,0,0,2,2,1,0,1,0,1,0,0,0,1,1,1,0,3,2,1,1,2,2,6
10.2979958318754,1,0,0,14,0,1,3,1,1,3,1,1,0,2,0,0,1,0,1,1,1,1,1,2,1,1,0,0,4,0
11.3741985350629,0,0,0,15,0,1,2,2,2,2,1,0,0,1,0,0,1,0,0,1,1,0,0,3,2,1,0,1,4,0
12.6386858829996,1,0,1,15,1,1,3,2,3,2,3,1,0,1,0,0,1,0,1,1,1,1,0,4,3,1,0,1,4,6
12.0030719936488,1,0,1,15,1,1,1,1,2,2,1,1,0,1,0,0,0,0,0,1,1,1,0,3,3,3,0,0,2,0
11.4734761848085,1,0,0,16,0,0,3,3,2,4,1,1,1,1,0,1,1,0,0,1,1,0,0,3,0,3,0,0,0,2
15.1999404314999,1,0,1,14,1,0,2,1,3,2,1,1,0,1,0,0,1,0,0,1,1,1,0,3,1,1,0,0,0,0
12.975881578993,1,0,1,14,0,1,2,3,2,2,1,1,0,1,0,0,1,0,1,1,1,1,0,4,4,0,0,0,4,0
14.1371165046553,1,0,0,14,0,1,3,3,4,1,3,1,0,1,0,0,1,0,0,1,1,1,0,2,2,2,0,1,1,2
11.1966371669257,0,0,0,14,0,1,1,0,3,2,3,0,2,2,0,0,1,0,1,1,1,1,0,4,1,1,0,0,3,0
14.5176251787657,1,0,1,14,1,1,3,3,1,3,0,0,0,0,0,0,1,0,1,1,1,1,0,3,2,2,0,2,4,0
14.1718509809435,1,0,1,14,0,1,3,2,4,2,0,1,1,1,0,0,1,0,0,1,1,1,0,4,3,2,0,1,2,0
15.0621258019045,1,0,1,14,0,0,1,1,2,2,1,2,0,2,0,0,1,0,0,1,1,1,1,3,4,1,0,0,2,0
15.6823095979991,1,0,0,15,0,1,3,3,1,2,1,1,0,0,0,0,1,0,0,1,1,1,0,3,3,3,0,1,1,6
18.156870816563,0,0,0,15,0,1,3,3,3,3,3,1,0,2,0,0,1,0,1,1,1,1,0,2,1,2,0,1,1,10
14.4209900536329,1,0,0,15,0,1,2,2,2,2,3,1,2,1,0,1,1,0,1,1,1,0,0,4,2,1,0,0,3,2
4.7130881145231,1,0,1,16,0,1,2,1,3,3,0,1,0,0,3,0,1,1,1,1,1,1,0,4,4,4,1,3,4,2
13.2086235753905,1,0,1,15,1,1,3,2,1,2,1,0,0,0,0,0,0,0,1,1,1,1,0,2,0,2,0,2,4,6
16.9656964253771,1,0,1,14,0,1,3,2,4,2,3,1,0,1,0,0,0,0,0,1,1,1,0,3,3,0,0,0,0,0
11.8502307481125,0,0,1,14,0,1,3,3,1,1,2,0,0,0,0,0,1,1,0,1,1,1,0,4,3,1,0,0,4,0
14.1352170573537,1,0,1,15,1,1,3,1,4,2,0,1,0,1,0,0,0,0,1,1,1,1,0,3,4,0,0,2,4,0
11.2579218059325,0,0,1,15,1,1,1,1,2,2,3,1,1,1,0,0,1,0,1,1,1,1,0,4,3,3,1,3,4,2
13.1651198963379,1,0,0,14,0,1,1,3,3,1,0,1,0,2,0,1,1,0,1,1,1,1,0,3,2,1,0,0,4,2
11.7212181031029,1,0,0,15,0,1,1,1,3,3,1,1,0,0,0,0,1,0,0,0,1,1,0,0,1,1,0,2,4,6
14.2484502269046,1,0,1,14,0,1,1,1,2,2,1,1,0,0,0,0,1,0,0,1,1,1,0,3,1,1,0,1,4,8
16.1406689776964,1,0,1,14,0,1,3,1,1,3,2,1,0,0,0,0,0,0,0,1,1,1,0,1,1,3,1,3,0,0
12.3483712560675,1,0,1,15,1,0,2,3,3,2,1,1,0,1,0,1,1,1,1,1,1,1,0,4,2,2,0,0,4,2
13.5981789202447,1,0,1,15,0,1,3,3,4,4,1,1,0,1,0,0,1,1,1,1,1,1,1,3,3,4,4,4,4,4
11.8965112056921,0,0,1,14,0,1,3,3,1,3,1,1,0,1,0,0,1,1,0,0,1,1,0,4,3,1,2,3,4,0
12.2917312399714,0,0,1,14,0,1,3,3,3,3,3,1,1,1,0,0,1,0,1,1,1,1,0,3,2,0,0,0,4,2
12.204829798131,1,0,1,14,0,1,3,2,4,0,0,1,0,1,0,0,1,0,1,1,1,1,1,3,4,1,0,0,4,0
13.9873900423927,1,0,1,14,1,1,2,2,2,2,0,1,0,1,0,0,0,0,1,0,1,1,0,4,2,1,0,0,1,0
12.3770560883284,1,0,1,15,0,1,2,1,2,2,1,1,0,0,0,0,1,0,0,0,1,1,0,4,3,2,0,0,4,4
14.1315538808141,1,0,0,14,0,1,1,2,2,2,2,0,1,0,0,0,1,0,1,1,1,0,0,2,4,0,0,0,4,4
16.7139363594742,1,0,1,14,1,1,3,2,4,3,1,1,0,2,0,0,1,0,1,1,1,1,0,4,3,2,0,0,3,0
15.0807630412463,1,0,1,15,0,0,3,3,2,4,3,1,1,2,0,0,1,0,1,1,1,1,1,1,3,2,0,0,4,4
10.9070759317538,1,0,0,14,0,1,2,3,3,1,0,1,0,2,0,1,1,0,1,1,1,1,0,3,2,1,0,0,4,2
12.217289464968,1,0,0,14,0,1,1,1,0,2,3,1,0,0,0,1,1,0,1,1,1,0,0,3,2,0,0,0,1,8
10.2872238569629,1,0,0,15,1,1,1,1,2,2,1,1,1,1,0,0,1,0,1,0,1,1,1,2,2,2,0,1,2,16
10.9624663433282,1,0,1,14,1,1,3,3,4,2,1,2,0,0,0,0,1,0,0,0,1,1,1,4,3,2,1,3,4,8
14.2945777157003,1,0,1,14,0,1,3,3,3,4,0,0,0,1,0,0,1,0,1,1,1,1,0,3,2,2,0,0,4,0
10.709408469064,1,0,1,14,0,1,1,1,3,3,0,0,0,0,0,1,1,0,0,1,1,1,0,4,3,0,0,0,0,0
5.05027222914935,0,0,0,15,1,1,1,1,2,0,0,0,1,1,1,1,0,0,1,1,1,1,0,3,2,2,1,1,4,14
15.609701402849,1,0,0,14,1,0,3,2,2,2,0,1,0,1,0,1,1,1,1,1,1,1,1,4,1,1,0,0,4,4
11.938018908118,1,0,0,15,1,0,2,2,2,3,1,1,0,1,0,0,1,0,0,1,1,1,0,1,2,4,0,3,2,6
15.0332095035276,1,0,1,15,0,1,3,2,1,3,3,1,0,3,0,0,0,0,1,1,1,1,0,3,1,1,0,0,1,2
11.7807045568254,1,0,1,14,0,1,3,1,4,2,1,1,0,1,0,0,1,0,0,1,1,0,0,3,2,2,1,1,4,4
14.3017683450332,1,0,0,14,0,1,3,3,3,4,2,0,0,1,0,1,1,0,1,0,1,1,0,3,3,3,0,0,2,2
10.4330899667824,1,0,0,15,1,1,1,1,3,3,0,1,2,1,0,0,1,0,0,1,1,1,0,3,2,2,1,2,3,0
13.9126581496035,1,0,0,14,1,1,3,1,1,2,2,1,0,1,0,0,1,0,0,1,1,1,0,3,2,2,0,0,4,0
12.4130903187734,1,0,1,14,1,0,3,1,1,1,2,0,1,0,0,0,0,0,0,1,1,0,0,4,4,4,2,3,4,4
12.7767691624006,1,0,0,14,0,1,3,3,3,3,0,1,0,0,0,1,1,0,0,1,1,1,0,2,2,3,1,2,4,0
13.822352333466,1,0,0,14,1,0,2,2,2,2,2,1,0,0,0,0,0,0,0,1,1,1,0,4,2,3,3,3,0,0
17.3498855972851,1,0,0,15,0,0,1,0,2,2,2,1,0,1,0,0,0,0,1,1,1,1,1,4,2,3,0,0,1,2
13.3777344670453,1,0,0,14,0,0,3,2,3,3,3,1,0,1,0,0,1,0,1,1,1,1,0,3,2,1,0,0,0,0
15.5003275193353,1,0,1,14,0,1,3,3,4,1,3,1,0,1,0,0,1,0,1,1,1,0,0,2,1,1,0,0,4,8
14.8673398791105,1,0,1,14,1,1,0,1,2,0,1,0,0,1,0,1,1,0,1,1,1,1,0,3,2,1,0,0,4,0
12.2137903621814,1,0,0,15,0,1,3,1,3,2,0,1,0,1,0,0,1,1,0,1,1,1,0,3,1,2,0,0,4,2
11.1428432288059,0,0,0,15,0,1,3,3,1,4,2,1,0,1,0,0,1,0,1,1,1,0,0,1,3,3,1,2,3,0
8.41839000862311,0,0,0,15,0,1,0,0,3,3,0,0,3,0,0,1,1,0,1,0,1,1,1,4,4,4,4,4,4,0
14.5732309842006,1,0,0,15,1,1,0,1,2,3,3,0,0,1,0,1,0,0,1,1,1,1,0,3,3,2,0,0,0,0
13.9389494765363,1,0,0,15,0,1,3,2,4,1,1,1,0,2,0,1,1,0,1,1,1,1,0,2,3,3,1,3,3,0
16.165036443858,1,0,0,14,1,1,3,2,3,3,3,0,0,1,0,1,0,0,1,1,1,1,1,3,3,3,1,3,1,0
16.7833146178585,0,0,0,15,1,1,3,2,4,3,0,1,2,1,0,0,1,0,1,1,1,1,0,4,3,2,0,1,0,2
10.6325632657411,1,0,1,14,0,0,3,3,2,3,3,1,0,3,0,0,1,0,1,0,1,1,1,0,2,2,4,4,2,0
11.8546712959266,1,0,0,15,0,1,2,0,3,2,0,1,0,3,0,1,1,0,0,1,1,1,0,3,2,2,0,1,4,0
9.93917096852257,1,0,0,14,1,1,1,1,1,3,3,1,1,1,0,1,1,0,0,1,1,1,0,3,0,2,0,2,3,0
12.5084200872414,0,0,0,14,1,1,2,0,2,2,3,0,1,3,0,0,1,0,0,0,1,1,0,3,3,1,1,2,2,6
15.6133277014141,1,0,1,15,0,1,2,0,2,2,3,0,1,3,0,0,1,0,0,1,1,1,0,3,2,1,0,0,4,2
13.4579068234039,1,0,1,14,0,1,3,1,2,2,0,1,0,3,0,0,0,0,0,1,1,1,0,2,2,2,0,0,2,0
14.3948509032431,1,0,0,14,0,1,0,0,2,2,3,1,0,1,0,1,1,0,0,0,1,1,1,2,2,3,1,3,4,2
10.9192968418191,1,0,1,15,0,1,2,0,2,2,3,1,0,0,0,0,0,0,1,1,1,0,0,4,2,1,1,1,4,0
13.8816636276232,1,0,0,15,0,1,2,2,2,3,1,1,0,1,0,1,1,0,1,1,1,1,0,3,2,2,1,3,4,4
18.1395893134811,1,0,1,14,0,1,3,2,4,2,1,1,0,1,0,0,1,0,1,1,1,1,0,3,2,2,1,2,4,0
18.0042386750936,1,0,1,14,0,1,3,-1,4,2,0,1,1,3,0,0,0,0,1,1,1,1,0,2,3,2,0,0,0,0
15.9667074462968,1,0,0,15,0,1,1,1,2,2,3,1,0,3,0,0,0,0,0,1,1,1,1,4,1,2,0,2,2,1
4.9151764970634,0,0,1,16,0,1,1,0,2,2,1,1,1,0,3,1,1,0,1,1,0,1,0,3,4,0,0,0,2,0
11.5023092763963,1,0,0,15,0,1,2,3,0,2,0,1,0,1,0,0,1,0,0,1,1,1,0,1,3,2,0,1,2,14
13.3703260001273,1,0,1,14,0,1,1,2,2,3,0,0,0,0,0,1,1,0,1,0,1,1,1,2,1,1,0,2,2,0
18.5034638845362,1,0,1,14,0,1,1,2,2,2,1,1,0,2,0,1,0,0,0,0,1,1,0,4,2,1,0,1,4,2
10.1612721081232,0,0,0,14,1,1,2,1,3,2,3,1,0,1,0,0,1,0,0,1,1,1,0,3,3,3,0,0,4,4
13.6968853857654,0,0,1,14,1,1,1,1,3,3,1,1,1,1,0,0,0,1,1,1,1,1,0,4,2,2,0,2,3,2
13.3155172446092,1,0,0,14,0,1,0,0,2,2,1,0,0,1,0,0,1,0,1,0,1,1,0,3,2,1,1,2,3,2
15.8525990504704,1,0,0,14,0,1,3,3,3,3,3,0,1,1,0,0,0,0,0,1,1,1,1,3,3,3,1,2,4,4
11.9348518110159,1,0,0,15,1,1,1,1,0,2,0,1,0,1,0,0,1,0,0,1,1,0,0,3,2,3,0,1,1,6
12.5233686279773,0,0,0,14,0,1,3,1,2,2,3,1,0,2,0,0,1,0,1,1,1,1,0,4,2,2,0,2,0,4
16.967040844454,1,0,1,15,0,1,1,1,3,2,3,0,1,1,0,0,0,0,1,0,1,1,0,3,3,1,0,0,2,6
12.3105026144628,1,0,1,15,1,0,3,3,4,1,3,1,0,1,0,0,1,0,0,1,1,0,0,3,0,2,2,4,4,6
7.66508400657318,1,0,0,15,0,1,2,2,2,2,1,1,0,2,0,0,1,0,0,1,1,1,1,3,2,2,0,2,3,2
13.9794998947959,1,0,0,14,0,1,3,2,3,2,3,1,0,0,0,0,0,0,1,1,1,1,0,3,4,4,0,2,0,6
9.67297477466371,1,0,0,15,1,1,2,0,2,2,1,0,0,1,0,1,1,0,0,1,1,0,0,2,2,2,1,2,1,0
11.7580393078921,1,0,0,15,0,1,3,1,4,3,1,1,1,1,0,0,1,0,1,1,1,1,0,4,2,2,0,0,0,2
19.0106607827564,1,0,1,14,1,1,1,1,3,1,3,1,0,3,0,0,1,0,1,1,1,1,0,3,2,3,0,0,3,2
10.5995733007418,1,0,0,14,0,1,0,0,0,2,1,1,1,3,0,1,1,1,1,1,1,1,0,2,0,1,0,0,0,4
12.0276015396684,0,0,1,15,0,1,3,2,3,2,3,1,1,0,0,1,1,1,1,0,1,1,0,2,2,2,0,0,3,6
15.827351178017,1,0,0,15,0,1,1,0,2,2,0,1,0,1,0,0,1,0,0,1,1,0,1,3,2,4,0,0,4,0
15.7911195316528,1,0,0,15,0,1,3,3,2,2,3,1,0,0,0,0,0,0,1,0,1,1,0,4,2,3,0,1,0,4
16.2889583696648,1,0,0,15,0,1,3,2,2,0,0,1,0,2,0,1,1,0,0,1,1,1,0,4,2,4,0,0,2,2
9.84612898792498,1,0,1,15,0,1,3,3,3,3,2,1,0,0,0,1,1,0,1,1,1,1,0,3,4,4,4,4,3,12
12.872611323346,1,0,1,15,0,1,3,3,3,4,2,0,0,2,0,0,1,0,1,1,1,1,1,3,3,2,0,0,3,0
13.5381742537469,1,0,1,14,0,1,3,3,3,2,0,1,0,0,0,0,1,1,1,0,1,1,0,4,2,2,0,0,4,2
3.68545986091184,0,0,0,14,0,1,2,1,3,2,1,1,1,1,0,1,1,0,0,1,1,1,0,3,2,4,0,0,1,16
15.8083019137342,1,0,1,14,0,0,2,3,3,2,0,1,0,1,0,0,1,0,1,1,1,1,0,4,3,3,0,0,0,0
9.68147874682929,1,0,0,14,0,0,2,2,2,1,3,0,0,3,0,1,0,0,0,1,1,0,0,3,2,2,0,0,3,10
13.5510083390387,1,0,0,14,0,1,1,1,2,2,0,1,0,3,0,1,1,0,0,1,1,1,0,4,0,1,0,0,2,4
13.358423684493,1,0,1,15,0,1,2,2,3,2,1,0,0,2,0,0,1,0,1,1,1,1,0,4,2,2,0,0,4,4
12.2226455470269,0,0,1,14,0,1,3,3,2,2,1,0,3,3,0,0,1,0,1,1,1,1,1,0,2,4,2,4,0,8
13.3906464216063,1,0,0,15,1,1,3,3,1,1,2,1,0,2,0,0,1,0,1,1,1,1,1,4,3,4,0,0,3,2
13.7955687904498,1,0,1,14,1,0,3,3,4,4,0,1,0,0,0,0,0,0,1,1,1,1,0,4,4,2,0,0,3,4
14.671080005014,1,0,0,15,0,1,2,2,3,2,3,0,0,2,0,1,1,0,1,1,1,1,0,3,0,1,0,0,1,4
11.7521512974457,1,0,0,15,0,1,1,1,0,2,1,1,0,1,1,1,0,0,1,1,1,1,0,2,0,1,0,0,4,12
8.57924469143483,1,0,1,14,1,1,3,1,4,2,0,1,0,0,0,0,0,0,0,1,1,1,0,2,4,1,0,0,2,10
13.2403338279871,1,0,1,14,0,1,1,0,1,3,3,1,0,1,0,0,0,0,1,1,1,1,1,4,3,1,0,0,4,4
11.9489526910187,1,0,1,15,0,1,3,3,4,4,0,0,0,1,0,0,1,0,1,1,1,1,0,4,3,3,0,1,4,6
15.4679202615685,0,0,1,14,0,1,3,3,2,4,3,0,1,1,0,0,1,0,1,1,1,0,0,3,3,2,0,0,1,4
12.7153064816078,0,0,1,15,0,1,2,2,2,3,1,0,1,0,0,0,0,0,1,1,1,1,0,4,3,1,0,0,4,6
10.5957604247302,1,0,1,16,0,1,0,2,2,2,0,0,2,1,1,0,1,0,1,1,1,1,0,4,1,3,0,3,4,14
8.08525265399531,1,0,1,14,0,1,2,3,2,2,3,0,0,0,0,0,0,0,0,1,1,1,0,2,3,2,0,1,3,2
13.6205966210684,1,0,0,14,0,1,0,1,0,3,0,1,0,1,0,0,0,0,0,0,1,1,0,2,1,2,0,1,0,0
18.1605618005909,1,0,1,14,0,1,1,1,3,3,1,0,0,3,0,0,1,0,1,1,1,1,0,4,4,3,0,1,4,6
12.7120643817554,0,0,0,15,1,1,1,3,2,1,0,0,1,1,0,0,1,0,1,1,1,1,1,3,1,1,0,1,4,2
15.292774736009,1,0,1,15,0,1,3,3,1,2,0,1,0,0,0,0,1,0,1,1,1,1,0,2,3,3,0,3,4,4
14.5457534408124,1,0,0,15,0,1,1,1,2,2,1,1,0,1,0,0,0,0,0,1,1,1,1,4,3,3,0,0,4,0
11.4705298875046,1,0,1,14,0,1,2,3,3,3,1,0,0,0,0,1,0,0,0,1,1,1,0,4,4,4,2,1,4,2
11.9757930430607,1,0,0,14,1,0,2,3,2,2,1,1,0,1,0,1,0,0,1,1,1,1,1,4,2,1,0,0,0,0
8.87718041305792,1,0,0,18,0,1,-1,0,0,2,0,2,0,1,2,0,1,0,0,0,0,0,0,2,3,1,0,0,4,0
11.2388772587188,1,0,1,15,0,1,3,3,4,4,0,1,0,0,0,0,0,0,1,1,1,1,0,2,4,4,1,4,3,8
12.0582047544994,1,0,1,15,0,1,1,2,2,2,0,1,1,2,0,0,1,0,0,0,1,1,1,2,1,2,1,1,0,4
16.8029961875225,0,0,0,14,0,1,2,3,3,4,0,0,1,2,0,0,1,0,0,1,1,1,1,3,1,1,1,1,4,0
8.05869941853529,1,0,0,17,0,1,1,0,3,2,3,1,0,1,3,0,1,0,1,1,0,1,1,4,3,4,0,2,4,10
11.8876840729566,1,0,0,16,1,0,1,0,2,2,0,1,2,0,0,0,1,0,0,1,1,1,0,2,1,1,0,1,4,8
10.2105533737294,1,0,0,14,0,1,0,0,0,2,0,1,2,0,0,0,1,0,1,0,1,1,1,3,2,2,0,1,3,6
12.1201899610143,1,0,0,16,1,1,1,1,2,2,0,0,0,0,0,0,1,0,0,1,1,1,1,2,3,3,0,2,4,2
10.3903688631344,1,0,0,15,0,0,2,3,3,2,0,0,0,0,0,0,0,0,0,1,1,1,0,2,1,0,0,3,4,12
13.0046363670388,0,0,1,15,0,1,1,0,0,2,0,1,3,0,0,0,0,0,0,1,1,0,0,2,1,0,0,0,1,4
12.0342652689831,1,0,0,15,0,0,1,1,2,2,1,1,0,0,1,0,0,0,0,1,1,0,0,4,2,3,0,0,4,12
13.2613732715152,1,0,1,14,0,1,2,3,0,4,0,1,3,1,0,0,1,0,0,1,1,0,1,4,2,2,0,0,4,2
13.8012471405919,0,0,0,14,0,1,3,3,3,0,0,1,0,2,0,0,1,0,1,1,1,1,1,3,2,2,0,0,4,4
14.7451739046226,1,0,1,16,0,1,2,3,0,2,0,1,2,1,0,0,0,0,0,1,1,0,0,4,3,4,1,3,4,2
11.7564163839801,0,0,0,15,0,1,0,0,0,2,0,1,3,1,0,0,1,0,0,1,1,0,0,4,0,2,0,0,2,0
12.6746558458931,1,0,1,17,1,1,2,0,3,3,0,1,1,0,0,0,0,0,1,1,1,1,1,2,2,3,3,4,3,2
10.1979902569833,0,0,0,17,0,0,2,1,2,3,0,2,0,2,0,0,1,0,1,0,1,1,1,3,2,2,4,0,4,10
9.83291293687379,0,0,0,15,0,1,0,0,2,3,3,1,1,0,0,0,1,0,1,1,1,0,1,2,2,2,0,1,0,8
10.2593316287746,1,0,0,15,0,0,2,2,2,2,0,2,1,0,0,0,1,0,1,0,1,1,1,3,2,1,0,0,4,4
11.6240731788638,1,0,1,15,1,1,0,0,3,2,0,1,0,1,2,0,0,0,0,1,1,0,1,3,3,3,0,2,4,0
12.5686186905913,1,0,0,14,0,1,3,3,4,4,0,1,1,0,0,0,0,0,1,1,1,1,0,3,2,1,0,0,4,6
13.5324080488096,1,0,0,14,0,1,0,0,2,2,0,1,2,0,1,0,0,0,1,1,1,1,1,4,4,4,0,0,0,2
14.1669878827268,1,0,1,14,0,1,3,2,4,3,0,0,1,3,0,1,1,0,0,1,1,1,0,1,1,1,0,0,2,6
10.6957162489105,1,0,0,14,0,0,2,2,3,3,1,1,0,1,0,0,0,0,0,0,1,0,1,0,2,1,1,2,0,24
14.5834609418752,1,0,1,15,0,1,3,3,3,3,0,1,0,2,0,0,1,0,1,1,1,1,0,4,2,2,0,2,4,0
9.72255406304056,0,0,1,15,1,1,1,1,3,3,3,0,1,0,0,0,1,0,1,1,1,1,0,1,2,2,1,1,1,4
13.8777914882553,1,0,0,14,0,1,3,3,4,3,0,1,0,2,0,0,1,0,1,1,1,1,0,3,1,1,0,0,4,2
10.5452060003972,1,0,0,15,1,1,0,0,0,0,0,1,0,0,0,0,0,0,0,1,1,1,0,2,3,3,2,2,0,4
11.9944344236965,1,0,1,16,0,1,1,0,2,2,1,1,0,0,0,0,1,0,0,1,1,1,0,4,3,4,0,1,4,22
16.0711224769996,1,0,0,14,0,1,0,0,2,3,0,0,0,1,0,0,1,0,0,1,1,1,0,3,3,1,0,1,4,0
8.6213559960033,0,0,0,14,1,0,1,0,0,2,1,1,1,0,0,0,1,0,1,1,0,1,1,3,3,1,0,0,4,0
11.1844927220308,1,0,0,14,0,1,2,1,1,3,1,0,0,1,1,0,1,0,0,1,1,1,0,2,2,1,0,0,2,2
12.5960039362557,1,0,0,14,0,1,0,1,0,2,0,1,0,1,0,0,1,0,0,0,1,1,0,3,2,1,0,0,4,6
7.9041846224867,1,0,0,14,0,1,0,1,0,3,0,0,0,1,0,0,0,0,0,0,1,0,1,1,2,3,1,3,0,6
10.3163099110985,1,0,1,15,0,1,3,3,4,4,0,1,0,0,0,0,1,0,0,1,0,1,1,2,2,1,1,0,4,16
8.32796555523942,0,0,1,14,1,0,1,0,3,2,0,1,3,0,0,0,0,0,0,1,1,1,0,3,4,4,1,4,4,0
7.95534945279597,1,0,1,17,1,1,0,0,2,2,0,1,0,0,2,0,0,0,0,1,0,1,1,1,2,4,1,4,3,0
10.7377164204644,1,0,1,15,1,1,1,0,0,2,0,1,0,0,1,0,0,0,1,1,1,0,1,3,3,3,2,4,4,6
10.7735808809112,0,0,0,14,0,1,2,2,3,3,3,2,1,2,0,0,1,1,1,1,1,1,1,3,1,0,1,2,2,2
12.0043481629619,0,0,1,18,0,1,2,1,3,0,1,1,0,0,0,0,1,0,0,1,0,1,1,3,4,3,0,0,3,6
13.7638770392685,1,0,0,16,0,1,3,3,2,4,0,1,0,0,0,1,1,0,0,1,1,0,1,3,1,0,0,0,3,0
10.9496529513123,1,0,1,14,0,1,1,2,0,3,0,1,0,1,0,1,0,1,1,1,1,0,0,3,3,3,0,0,0,0
6.7345806633528,0,0,1,16,1,1,0,1,2,2,3,1,0,0,3,0,0,0,0,1,1,0,0,1,1,1,2,2,4,14
5.94386394491871,0,0,0,17,0,1,0,0,0,2,0,1,2,0,3,0,1,0,1,0,1,0,0,4,1,4,0,4,3,6
9.78903806377965,1,0,1,15,0,1,1,1,0,2,0,1,2,0,0,0,0,0,0,0,1,0,0,3,1,1,0,1,2,4
7.25277828766387,1,0,1,15,0,1,2,2,2,3,0,0,0,1,1,0,1,0,0,1,1,1,1,3,4,4,3,3,4,0
12.0684440703631,1,0,1,15,1,1,0,1,1,3,0,1,1,0,2,0,0,0,0,0,1,1,0,3,3,4,2,4,4,0
7.90329354681346,1,0,1,16,1,1,1,0,0,2,0,1,1,0,1,0,0,1,1,1,0,1,1,2,2,1,1,1,4,8
9.50573221706014,1,0,1,16,0,1,2,1,2,2,0,1,1,1,2,1,1,0,0,1,1,1,1,3,3,3,0,3,2,4
14.8210686323167,1,0,1,14,1,1,0,1,2,2,0,1,1,0,0,0,0,0,1,1,1,0,0,3,3,3,1,3,4,2
14.4939332923756,1,0,1,15,0,1,0,2,0,3,0,0,0,0,1,0,0,0,0,1,0,1,0,4,2,2,0,3,1,2
9.56562610692476,1,0,1,16,1,1,0,0,2,3,0,1,3,1,0,0,0,0,1,1,0,0,1,4,2,4,0,4,4,0
7.07778111143485,1,0,1,16,0,1,2,1,3,3,0,1,1,0,3,0,1,0,1,0,0,0,0,3,4,1,0,0,1,10
12.1495720293608,1,0,1,15,0,1,1,1,2,2,0,0,0,1,0,0,0,0,0,1,0,1,0,3,2,4,1,3,3,0
11.4577878237981,1,0,0,15,0,1,3,1,1,3,1,0,0,1,0,0,0,0,0,1,1,1,1,3,1,2,0,0,2,0
15.547206556503,1,0,0,15,0,1,1,1,2,2,1,1,0,1,0,0,1,0,0,0,1,1,0,4,0,4,0,0,3,0
17.5149574594021,1,0,0,15,0,1,3,3,1,1,3,1,0,1,0,0,1,0,0,1,1,1,1,3,3,1,0,0,2,0
9.39437138075016,1,0,1,15,0,1,2,3,2,2,0,0,2,0,1,0,1,0,1,0,1,1,0,2,3,4,1,3,1,4
12.4689448922691,1,0,1,15,0,1,0,-1,2,2,3,1,1,1,0,0,1,0,1,1,1,1,1,3,2,1,0,0,2,0
12.3634201356898,1,0,1,16,1,1,3,3,4,2,3,1,0,1,0,0,1,0,1,1,1,1,0,3,3,3,0,2,4,0
11.4652824118912,0,0,0,15,0,1,0,2,0,3,1,1,0,1,0,0,0,0,1,0,1,1,1,3,2,4,0,0,2,0
12.2376008530914,1,0,0,15,1,1,2,2,2,2,3,1,1,1,0,0,1,0,1,1,1,1,0,3,3,4,0,0,3,0
14.1974558656646,1,0,1,16,1,1,3,2,4,2,0,1,1,1,0,0,0,0,1,1,1,1,0,3,3,3,3,3,3,0
10.3118043088843,1,0,0,15,0,1,1,1,3,2,3,1,1,1,0,0,0,0,1,0,1,1,0,2,3,3,0,3,4,0
13.4779578076335,1,0,1,16,0,1,2,2,2,2,3,0,0,1,0,0,0,0,1,0,1,1,0,3,2,3,0,3,3,4
9.13226084215235,0,0,1,15,0,1,3,1,4,3,2,1,0,0,0,0,1,0,1,1,1,1,1,3,2,2,2,3,2,8
17.7442293053783,1,0,1,16,0,1,3,2,2,2,0,1,0,1,0,0,1,1,1,1,1,1,1,4,1,2,0,0,1,4
12.6104756603753,1,0,1,15,0,1,3,2,4,2,1,1,0,1,0,0,1,1,1,1,1,1,0,2,3,2,1,2,2,4
8.05393626765473,1,0,1,15,0,1,2,2,3,2,1,1,0,1,0,0,0,0,1,1,1,1,1,3,1,2,0,1,2,0
12.6463033879925,0,0,0,16,0,1,1,3,3,3,3,0,0,1,0,0,1,0,1,1,1,0,0,4,3,1,1,2,4,0
10.7500140425961,1,0,0,16,1,1,2,2,2,2,3,1,0,1,0,0,1,0,1,1,1,1,1,4,2,2,1,2,0,32
16.527695800076,1,0,0,15,0,1,2,1,2,2,3,1,0,1,0,0,1,0,0,1,1,1,0,0,1,1,0,1,0,8
12.2934815479457,1,0,1,16,0,1,2,2,3,3,2,1,0,1,0,0,1,0,1,1,1,1,1,3,2,3,1,2,3,6
13.0841546849144,0,0,1,15,0,1,0,1,3,3,2,1,0,0,0,0,1,0,1,1,1,1,1,2,2,2,0,1,2,0
12.7198701735912,1,0,1,15,1,1,1,0,2,2,0,1,0,1,0,0,0,0,1,1,1,1,1,3,1,2,0,1,4,0
13.0038291175748,1,0,0,16,0,0,2,2,1,2,3,1,0,1,0,0,1,0,0,0,1,1,1,2,2,2,0,2,2,10
9.31621701570747,1,0,1,16,0,1,0,1,0,2,1,1,0,1,0,0,0,0,0,1,1,0,0,2,0,2,0,4,2,6
14.5475297007507,1,0,0,15,0,1,1,2,3,3,0,1,0,1,0,0,0,0,0,1,1,1,0,3,2,2,0,0,1,6
13.8740549433991,1,0,0,16,0,1,0,0,0,3,0,1,0,1,0,0,0,0,1,1,1,1,0,4,2,2,0,0,2,0
12.1714860438122,1,0,1,16,0,1,0,1,0,3,2,2,1,1,0,0,0,0,1,0,1,1,0,3,3,3,3,4,4,16
12.4273275745356,0,0,1,15,0,1,2,2,3,3,3,1,0,0,0,0,1,0,1,1,1,1,0,3,2,1,2,3,4,0
13.2310213075482,1,0,1,15,0,1,1,2,2,2,1,0,1,0,0,0,0,0,0,1,1,1,0,4,2,2,0,0,2,0
12.2779932773382,1,0,0,16,1,1,1,3,3,3,0,0,0,1,0,0,0,0,1,1,1,1,1,3,2,1,0,0,4,8
11.9681437629985,1,0,1,16,0,1,3,3,3,4,1,1,0,0,0,0,0,0,0,1,1,1,0,4,1,2,0,1,4,4
15.379202303662,1,0,1,15,1,1,2,2,4,2,1,0,2,0,0,0,1,0,1,1,1,1,0,2,2,3,2,4,2,16
10.0401359188935,0,0,0,16,0,1,3,3,3,4,1,1,1,0,1,0,1,0,0,1,1,1,0,3,1,3,1,2,1,30
17.738551916352,1,0,0,15,1,1,3,3,4,4,3,1,0,1,0,0,1,0,0,1,1,1,0,3,4,1,0,1,2,0
15.3737234621523,1,0,0,15,0,1,3,2,1,2,1,1,0,1,0,0,1,0,1,1,1,1,0,3,2,4,0,4,1,2
11.39341052846,1,0,0,15,0,1,1,2,2,2,3,1,0,1,0,1,1,0,1,1,1,0,0,3,3,2,0,2,3,4
13.3976714941799,1,0,0,16,0,1,0,0,2,2,0,1,0,1,0,0,1,0,0,0,1,0,0,3,3,3,0,2,0,0
9.84428069003786,1,0,0,16,0,1,1,1,2,2,3,1,0,0,0,0,1,0,0,1,1,1,0,4,2,1,0,1,2,21
16.770829680854,1,0,0,15,0,1,1,1,3,3,3,1,1,3,0,0,1,0,1,0,1,1,0,4,2,4,0,0,4,6
8.51821696430582,1,0,0,16,0,1,2,3,0,3,1,1,0,2,1,0,1,1,0,1,1,1,1,3,3,2,2,3,4,14
12.4915719218051,1,0,0,15,0,0,2,0,3,2,0,1,0,1,0,0,1,0,0,1,1,1,0,1,2,2,1,1,3,2
18.758585447947,1,0,0,15,0,1,3,2,4,2,2,1,0,1,0,0,0,0,1,1,1,1,1,0,2,1,0,0,0,4
8.9619948267513,0,0,0,15,0,1,0,0,0,2,1,1,1,0,0,0,1,0,0,1,1,0,0,3,2,1,0,3,4,2
14.9977421159135,1,0,0,16,0,1,3,2,4,2,3,1,1,2,0,0,1,0,1,1,1,1,1,3,3,1,0,0,3,0
13.5910157352341,0,0,0,18,0,1,2,2,2,2,3,2,0,3,0,0,1,0,1,1,1,1,0,3,2,2,0,1,2,4
16.2994172113711,1,0,1,16,1,1,3,3,3,2,1,1,0,1,0,0,1,0,0,1,1,1,1,4,2,4,3,4,2,15
13.0568536562287,1,0,0,15,0,0,1,1,2,2,3,1,0,1,0,1,1,0,0,1,1,1,0,2,2,3,0,0,3,0
11.4916332290775,1,0,1,17,0,1,1,1,3,2,1,1,0,1,0,0,1,0,1,1,1,1,0,3,3,3,1,3,4,10
11.2586425251266,1,0,0,16,1,1,3,3,3,2,2,1,0,0,0,0,1,0,0,1,1,0,0,4,1,0,0,1,2,6
11.9536421126358,0,0,0,16,1,1,2,1,2,2,3,1,1,1,0,0,0,0,0,1,1,1,0,3,3,3,0,2,0,2
16.5916128622162,1,0,0,16,0,1,3,2,2,2,3,1,0,1,0,0,0,0,0,1,1,1,1,2,3,4,1,3,0,16
10.5578684967358,1,0,1,17,1,1,2,2,3,1,1,0,0,1,0,0,1,0,0,1,1,1,0,2,1,3,1,3,3,10
7.64818687619482,0,0,0,16,0,1,1,2,0,2,1,0,1,0,0,0,1,0,0,1,1,0,0,2,2,2,0,3,2,4
13.190573843423,1,0,0,16,0,1,1,1,0,0,0,1,0,2,0,0,1,0,1,1,1,1,0,3,2,2,0,0,3,0
15.1826982973335,1,0,0,16,0,1,1,0,0,3,3,1,1,1,0,0,1,0,1,1,1,1,0,3,1,4,0,1,4,0
14.3523546621566,0,0,0,16,0,1,0,0,0,2,3,1,0,2,0,0,1,0,1,1,1,0,1,3,2,3,0,0,4,12
16.7435644488782,1,0,0,15,0,1,1,2,3,4,2,1,0,1,0,1,0,0,0,1,1,1,0,1,2,0,0,0,2,0
4.88879638171642,1,0,1,17,0,1,1,1,2,2,1,1,1,1,3,0,1,1,0,1,1,1,0,2,2,2,4,4,3,9
12.4874043794288,1,0,0,15,0,1,3,3,4,3,1,1,0,2,0,0,1,0,1,0,1,1,0,4,2,1,0,0,4,4
13.5058135796063,0,0,0,17,0,1,2,0,2,2,3,1,0,1,0,0,0,0,1,1,1,1,1,4,2,2,0,0,3,4
11.8223344448282,1,0,0,16,0,1,2,1,2,2,0,1,0,1,0,0,0,0,1,0,1,1,0,4,2,3,0,2,2,2
14.2315044830186,1,0,1,16,1,1,1,2,3,3,3,0,0,1,0,0,1,0,0,0,1,1,0,4,2,2,0,2,2,0
7.66199622458126,0,0,1,17,1,1,1,0,0,2,0,1,3,1,0,1,1,0,1,1,1,1,1,3,2,1,3,4,2,2
16.9782391420886,1,0,0,16,0,0,1,0,2,2,0,1,1,2,0,0,0,0,1,1,1,1,1,2,1,2,0,1,2,0
10.3892658656624,0,0,0,16,1,1,3,2,1,2,3,0,0,1,0,0,0,0,1,1,1,1,1,2,1,2,0,1,2,0
15.3264587181312,1,0,1,16,0,1,1,1,2,2,0,0,1,1,0,0,1,0,1,1,1,1,0,3,4,1,0,0,0,0
9.58550672544078,0,0,1,16,0,1,3,3,4,4,3,1,0,1,0,1,1,0,1,1,1,1,1,3,4,4,0,2,1,0
16.760364530212,1,0,1,15,0,1,3,3,1,2,3,0,0,1,0,0,1,0,1,1,1,1,0,3,1,3,1,3,0,0
8.18029981606266,1,0,1,15,1,1,0,0,2,2,1,1,1,1,0,0,1,0,0,1,1,1,0,2,3,1,0,0,4,2
13.7191658868893,0,0,1,15,0,1,2,1,0,2,3,1,1,2,0,0,0,0,1,1,1,1,1,4,2,2,0,2,1,0
14.488154198538,1,0,1,16,1,1,1,1,2,2,1,0,0,1,0,0,0,0,1,0,1,1,1,3,3,1,4,4,3,0
13.8367622017357,1,0,0,15,0,1,1,0,2,2,1,1,0,0,0,0,0,0,0,1,1,1,1,3,4,1,0,0,4,4
15.3114620086925,1,0,0,15,0,0,3,0,2,2,1,1,0,1,0,0,0,0,1,1,1,1,1,4,2,2,0,1,4,0
14.4955810601754,1,0,0,17,1,0,1,3,3,2,0,1,1,1,1,0,1,0,0,1,1,1,0,3,2,2,0,0,2,18
8.63310776321438,0,0,0,17,1,1,1,1,0,3,0,1,0,1,1,0,1,0,0,0,1,1,1,4,2,0,0,0,4,16
8.62944867370596,1,0,0,17,0,1,2,2,2,2,0,1,1,0,1,0,0,0,0,1,0,1,0,3,0,0,0,0,2,14
12.5281327415343,1,0,1,17,0,1,1,1,2,0,0,2,0,0,1,0,1,0,1,0,0,1,1,3,3,2,1,1,0,26
16.9760687684801,1,0,1,16,0,1,3,3,4,4,0,1,0,0,0,0,1,0,1,0,1,1,0,3,1,0,0,1,4,6
14.6765394812506,1,0,0,16,0,1,2,1,2,2,0,0,0,1,0,0,0,0,1,1,1,0,0,4,3,1,0,0,2,4
15.4827797278418,1,0,0,16,1,1,0,0,0,0,0,1,0,2,0,0,1,0,1,1,1,1,1,3,2,1,0,1,3,10
8.86104526651347,0,0,0,15,0,1,0,1,2,2,0,1,0,0,0,0,0,0,0,1,0,1,0,4,2,4,0,1,4,4
13.6383098079335,0,0,0,16,0,1,1,0,0,3,0,1,2,1,0,0,0,0,1,1,1,0,0,1,0,0,0,0,2,2
10.7962735854977,0,0,0,16,1,0,0,3,2,2,0,2,3,0,1,0,1,0,0,1,1,1,0,4,4,3,0,0,4,14
9.11416123217197,0,0,1,17,0,1,1,1,2,3,3,0,0,1,0,0,0,0,0,1,0,1,0,4,4,3,2,4,1,16
16.1753831582131,1,0,0,16,1,0,1,1,2,2,1,1,0,0,1,0,1,0,0,0,0,1,0,2,0,1,0,0,0,8
12.9214412675985,0,0,0,16,1,1,0,0,0,2,0,1,1,2,0,0,0,0,1,1,1,1,0,3,2,2,0,2,4,4
18.6039060860258,1,0,0,16,1,0,3,1,4,2,0,1,0,1,0,0,1,0,1,1,1,0,0,3,2,1,0,0,3,4
13.9796188938769,1,0,1,16,1,1,3,2,1,2,0,1,1,1,0,0,0,0,1,1,1,1,1,1,4,4,0,3,4,8
15.2015123326745,1,0,1,16,1,0,3,3,4,2,0,1,1,1,0,0,1,0,0,1,1,1,0,2,2,2,1,2,3,0
12.9330769826709,1,0,1,15,1,1,3,2,4,2,0,1,0,0,0,0,0,0,1,0,1,1,0,4,3,4,0,0,2,7
10.9072115259689,0,0,1,15,0,1,3,3,3,3,0,1,0,0,0,0,0,1,1,1,1,1,0,4,2,1,0,1,4,4
11.777609009566,1,0,0,16,0,1,3,3,4,3,0,1,0,1,0,0,1,1,0,1,1,1,1,4,2,0,0,3,4,2
19.502797682849,1,0,1,16,0,1,0,0,2,2,1,0,1,2,0,0,0,0,0,0,1,1,1,3,2,2,0,0,0,2
5.70804102496764,0,0,0,16,0,1,2,2,3,2,1,1,1,2,0,0,1,0,0,1,1,1,1,3,1,1,1,2,4,10
9.82188218823199,0,0,0,16,0,1,0,0,0,2,0,1,0,1,0,1,0,0,0,0,1,0,1,3,2,1,0,0,3,10
15.7098812596546,1,0,0,17,0,1,1,0,2,2,0,2,1,2,0,0,1,0,0,0,1,1,1,3,3,3,0,0,2,10
10.3005394435035,0,0,1,15,0,1,1,0,2,2,0,1,2,0,0,0,0,0,0,1,1,1,0,3,2,2,0,0,3,7
11.26001293558,1,0,0,16,0,1,0,0,2,3,0,0,0,1,0,0,1,0,0,1,1,0,0,3,2,3,0,1,4,4
9.19457777238934,1,0,1,16,0,1,1,2,2,2,0,0,1,0,0,0,0,0,0,1,1,1,0,4,1,1,0,0,1,2
7.75265209707646,1,0,1,21,0,1,2,0,3,3,2,1,0,0,3,0,0,0,0,0,0,1,1,4,3,4,4,4,0,12
14.1045249614447,1,0,1,17,1,1,2,2,2,3,0,1,0,1,0,0,1,0,0,1,1,1,1,3,2,2,0,2,4,8
9.66797132859179,1,0,1,15,0,1,-1,1,2,2,2,1,0,0,0,0,0,0,0,0,1,1,0,3,2,1,1,3,4,0
11.9810353600488,1,0,1,17,0,1,2,1,3,2,0,1,1,0,0,0,0,0,0,1,0,1,0,3,3,4,1,3,4,8
8.9833646885307,0,0,1,15,0,1,2,2,0,2,3,2,2,1,1,1,1,0,0,0,1,1,0,4,2,2,0,2,1,4
7.38272967664561,1,0,1,17,0,1,1,0,3,3,2,1,0,0,2,0,0,0,0,0,0,1,0,2,1,4,1,4,4,4
9.37330402367265,0,0,1,15,0,1,1,0,2,2,0,1,1,0,0,0,0,0,1,0,1,0,0,2,2,1,0,2,2,2
10.7147371735667,1,0,1,16,0,1,1,0,2,2,0,1,0,0,0,0,0,0,0,0,1,1,0,3,3,1,1,3,4,0
15.2793441789163,1,0,1,16,1,1,0,0,1,2,0,1,1,0,1,0,1,0,1,1,1,1,0,3,3,3,0,1,4,0
13.12197631699,1,0,0,17,1,0,1,0,2,2,0,1,0,1,0,0,1,0,0,0,1,1,1,3,2,3,0,2,4,2
14.5700608278331,1,0,0,16,1,1,3,1,4,3,3,1,0,3,0,0,1,0,1,1,1,1,0,3,1,2,0,0,3,2
14.1749012761914,0,0,0,18,0,1,1,1,3,3,1,1,0,1,0,0,1,0,0,1,1,1,0,3,2,2,0,0,4,0
11.097438423036,1,0,1,17,1,1,1,0,3,2,0,1,2,1,1,0,0,0,1,0,0,1,0,3,3,4,3,3,4,4
17.3457548368565,1,0,0,16,0,1,3,1,2,2,0,1,0,2,0,0,1,0,1,1,1,1,0,3,2,3,0,2,4,2
14.1169084685408,1,0,0,17,1,1,0,0,2,0,1,1,0,2,0,0,1,0,0,0,1,0,0,3,3,2,1,2,2,4
19.0177015861563,1,0,0,17,0,1,1,1,2,2,1,1,0,1,0,1,0,0,0,1,1,0,0,2,1,2,0,0,4,4
11.6380353313066,1,0,1,18,1,0,3,2,3,0,3,1,0,1,0,0,1,0,0,1,1,1,0,3,2,0,0,0,0,4
15.6249376763209,1,0,1,17,0,1,1,0,2,2,1,1,0,1,0,0,0,0,1,1,1,1,0,4,1,3,0,1,3,2
9.38221625120265,0,0,1,16,0,1,1,1,2,3,2,1,1,0,0,0,0,0,0,0,0,0,0,4,1,1,0,0,3,0
15.4193137444772,1,0,0,16,1,1,1,1,3,3,0,0,0,3,0,0,0,0,1,1,1,1,1,2,3,0,0,0,1,2
14.3102790020531,1,0,0,19,0,1,1,0,2,2,0,2,1,1,0,0,1,1,1,1,0,1,1,0,1,2,0,1,1,8
17.4874591517817,1,0,0,17,0,1,3,2,3,2,1,0,0,1,0,0,1,0,0,1,1,1,1,2,0,1,0,2,1,2
16.4702759057769,1,0,1,17,0,1,3,2,4,2,0,1,0,1,0,0,1,0,0,0,1,1,0,3,2,1,0,0,2,2
15.4603418782348,1,0,1,17,0,1,2,1,2,2,0,1,0,2,0,0,0,0,1,0,1,0,0,4,2,1,0,0,2,2
12.7972488402786,0,0,0,16,0,1,2,2,2,2,1,1,0,2,0,0,0,0,1,0,1,0,0,2,1,2,0,0,3,2
16.035432958987,1,0,0,17,0,1,1,1,0,3,1,1,0,2,0,0,1,0,1,1,1,1,1,3,2,2,0,0,2,0
7.22881218285064,1,0,1,16,0,1,1,1,2,2,1,0,1,0,0,0,0,0,0,1,0,1,0,3,3,3,1,2,3,8
14.3392409774355,1,0,1,17,1,0,2,3,2,2,3,1,1,1,0,0,1,0,1,1,1,1,0,3,1,4,2,3,0,6
12.6674947493609,1,0,1,16,0,1,2,0,3,2,2,1,0,1,0,0,0,0,1,1,1,1,1,4,3,3,2,3,4,0
11.2248040641049,0,0,0,17,0,1,3,3,4,2,3,1,1,1,0,0,0,0,1,1,1,1,0,3,2,3,1,1,3,8
12.4369796462794,1,0,1,17,0,1,3,1,1,2,3,0,0,1,0,0,1,0,1,1,1,1,1,4,3,4,0,2,4,4
14.6377559146284,1,0,0,17,0,1,1,0,2,2,3,1,1,1,0,0,1,0,0,1,0,1,1,3,2,4,0,1,2,12
13.6909223205829,1,0,0,18,0,1,2,2,2,3,1,2,0,1,0,0,1,0,1,1,1,1,0,3,2,4,2,2,4,16
13.084682103893,1,0,0,17,0,1,1,2,2,3,3,0,0,3,0,0,1,0,1,1,1,1,1,3,4,4,0,2,1,10
11.7656690690877,1,0,0,17,1,1,0,0,2,2,1,1,1,1,0,0,1,0,0,0,1,0,0,3,3,2,0,0,2,2
15.3568349211575,1,0,1,16,0,1,0,1,0,0,1,1,0,1,0,0,1,0,1,0,1,0,1,2,4,1,1,1,0,2
11.3949967612072,1,0,0,17,0,1,1,0,2,2,1,1,0,1,0,0,1,0,0,1,1,1,1,3,1,4,0,1,0,8
14.1865988694301,1,0,0,16,0,1,1,3,0,1,3,1,1,1,0,0,1,0,0,1,1,1,1,3,2,2,0,0,0,6
9.47537099368956,1,0,0,16,1,1,1,1,3,2,0,1,1,1,0,1,1,0,0,1,1,1,1,3,3,3,1,2,4,6
9.5090968428154,1,0,0,17,0,0,2,1,2,3,1,1,1,1,0,0,0,0,0,0,0,1,1,3,0,0,0,0,4,15
10.8130055350968,0,0,1,17,0,1,3,3,4,3,1,1,1,0,0,0,0,0,1,1,1,1,0,2,1,3,0,3,2,6
12.6823652015536,1,0,0,17,0,1,3,3,1,1,3,0,0,1,1,1,1,0,1,1,1,1,1,1,3,3,0,0,3,2
14.4274119113801,1,0,0,16,0,1,1,1,2,3,3,0,2,2,0,0,1,0,0,1,1,1,1,3,1,2,0,0,0,8
11.3181001363522,1,0,0,18,0,1,2,1,3,3,3,0,0,1,1,1,1,0,0,1,0,1,0,2,2,2,3,2,2,0
10.1568012595774,1,0,1,17,1,1,3,2,4,3,0,1,1,0,0,0,0,0,1,1,1,1,0,3,1,2,0,1,0,0
3.30624025559007,0,0,1,17,0,1,0,1,0,2,1,2,1,0,0,0,0,0,0,0,0,1,0,2,3,3,1,3,3,10
11.3998431157617,1,0,1,16,1,0,3,0,3,2,1,1,1,0,0,0,0,0,1,1,1,1,1,3,4,3,1,3,4,22
13.7078973542268,1,0,1,16,1,0,2,1,4,3,1,1,0,0,0,0,0,0,0,1,1,1,0,3,3,3,2,3,2,18
12.8919008355264,0,0,0,17,1,1,0,0,0,2,3,1,1,3,0,0,1,0,1,1,1,0,0,4,1,1,0,0,2,2
14.2801164976596,1,0,0,17,0,1,0,0,2,2,1,1,1,1,0,1,0,0,1,1,1,1,0,4,3,3,0,0,3,0
13.3179299132816,1,0,0,16,0,1,1,1,2,2,0,1,0,1,0,0,1,0,0,0,1,1,0,4,3,4,0,1,4,12
16.0246302337233,1,0,0,17,0,1,1,0,2,2,3,1,1,1,0,0,0,0,1,1,1,1,1,3,2,0,0,0,4,10
14.0405035707409,1,0,1,16,0,1,0,0,2,2,3,0,0,1,0,0,0,0,0,0,1,1,0,3,2,2,0,1,3,0
13.3072889572843,0,0,0,17,0,1,1,1,0,0,2,1,0,2,0,0,1,0,0,1,1,1,0,3,2,2,0,1,1,0
11.904773537242,1,0,0,16,0,1,0,0,3,4,3,1,0,2,0,0,1,0,0,1,1,1,0,3,2,2,0,0,2,0
13.1714154745438,1,0,1,17,0,1,1,0,3,3,3,1,0,2,0,0,0,0,1,1,1,1,0,3,1,3,0,2,1,0
16.6775880634796,1,0,1,17,1,0,3,3,4,4,3,1,0,1,0,0,1,0,1,1,1,1,0,4,3,2,0,0,1,0
15.1923395772808,1,0,1,17,0,1,3,1,4,2,1,1,0,1,0,0,1,0,1,1,1,1,1,3,2,1,0,3,4,2
11.3624927022543,1,0,0,16,0,1,3,2,1,3,3,1,0,2,0,0,1,0,0,1,1,1,0,3,1,1,0,1,2,0
12.953494523091,0,0,0,16,1,1,2,0,3,2,3,1,1,3,0,0,1,0,0,1,1,0,0,2,0,1,0,0,2,0
11.9012635953971,1,0,1,17,1,1,2,1,3,2,3,1,1,2,0,0,1,0,1,1,1,1,0,4,3,1,0,0,3,0
12.4341636234363,1,0,1,16,0,1,2,2,1,2,1,1,0,0,0,0,1,0,0,1,1,1,0,3,3,2,0,2,4,0
12.3675963927527,0,0,0,18,0,1,3,3,1,2,3,2,1,1,0,0,1,0,1,1,1,1,0,1,2,3,1,2,1,2
14.6121860160818,1,0,0,17,1,1,3,2,2,2,1,2,1,1,0,0,1,0,0,1,1,1,1,3,3,4,0,1,1,0
13.3214619904984,0,0,0,17,0,1,3,2,2,2,3,0,0,3,0,0,1,0,0,1,1,1,0,3,2,2,0,0,2,0
11.5408737484708,0,0,1,17,1,1,3,3,4,4,1,1,0,0,0,0,1,0,0,1,1,1,1,0,3,1,1,1,0,0
15.19500785916,1,0,0,17,1,0,3,3,1,2,1,1,0,1,0,0,1,1,0,1,1,1,1,3,1,3,0,0,3,0
11.6196561594126,1,0,1,16,1,1,3,3,2,4,1,0,1,0,0,0,0,0,0,1,1,1,0,3,0,0,1,1,4,0
16.7598299840985,1,0,0,16,0,1,3,3,3,3,3,1,1,2,0,0,1,0,1,1,1,1,0,4,2,3,0,0,4,0
17.3057938693409,1,0,0,16,0,1,3,1,2,2,3,1,1,2,0,0,1,0,0,1,1,1,0,3,2,2,0,0,2,0
16.2408190047324,1,0,0,16,0,1,2,1,1,1,3,0,0,3,0,0,1,0,1,0,1,1,0,4,1,1,0,1,4,0
12.2024663145293,0,0,1,18,1,1,1,0,0,3,0,1,1,2,1,0,0,0,1,1,1,1,1,3,2,0,0,0,4,0
11.7717372050173,1,0,1,19,0,0,2,1,3,2,0,2,0,0,2,0,0,0,1,1,1,0,0,4,4,2,0,0,4,0
12.6720098479477,0,0,1,18,0,1,2,2,2,3,3,0,0,1,0,0,0,0,1,1,1,0,1,3,4,2,0,1,4,0
10.1402390842879,1,0,0,17,0,1,0,3,2,4,1,1,0,1,0,1,1,0,0,0,1,0,1,2,3,3,0,1,4,2
15.3962538074412,0,0,0,17,0,1,1,0,3,2,0,1,1,1,0,0,1,0,1,1,1,1,0,4,2,2,0,1,0,2
13.5380054984709,0,0,0,16,0,1,1,2,2,2,0,0,1,1,0,0,0,0,1,1,1,1,1,3,1,0,0,0,2,2
17.3478786913985,1,0,0,16,0,1,3,3,4,4,0,1,0,0,0,0,0,0,1,1,1,1,0,3,3,3,0,0,4,2
18.0645445355261,1,0,0,17,0,1,3,2,2,2,0,1,0,2,0,0,1,0,1,1,1,1,1,3,2,3,0,0,4,2
16.0111581583514,1,0,0,17,1,1,3,2,1,3,0,1,1,0,0,0,1,0,0,1,1,1,0,2,1,3,0,3,0,8
14.1243277287117,1,0,0,16,0,1,2,3,0,3,0,0,0,2,0,0,1,0,1,0,1,1,0,3,2,3,1,4,4,2
9.83428958471479,0,0,0,17,0,1,2,2,0,2,0,0,0,1,0,0,1,0,0,1,1,1,0,3,0,3,0,0,2,8
12.3821203276044,1,0,1,18,0,1,3,1,1,2,0,1,1,1,0,0,1,0,1,1,1,1,1,4,3,3,0,0,0,9
15.1465224073259,1,0,0,17,0,1,3,3,4,2,0,1,0,1,0,0,1,0,0,1,1,1,0,3,3,3,2,2,4,0
15.4053201654467,1,0,0,17,0,1,2,3,2,2,0,1,0,0,0,0,1,0,1,1,1,1,1,4,3,3,0,0,0,4
13.8743742617984,0,0,0,16,0,1,3,3,1,1,0,1,0,0,0,0,0,0,1,1,1,1,0,4,2,3,0,1,4,2
14.1349330794358,1,0,0,16,0,0,3,2,3,3,0,1,0,1,0,0,1,0,0,1,1,1,1,4,1,1,0,1,4,14
10.462773212905,1,0,0,16,1,0,2,2,3,2,1,1,0,1,0,1,1,0,0,1,1,1,0,4,2,2,0,0,4,0
14.2232829017309,1,0,0,16,1,1,1,0,2,2,1,0,0,1,0,0,0,0,1,1,1,1,0,3,1,2,1,1,1,2
13.2367340182494,1,0,1,17,1,1,3,3,2,2,3,0,0,0,0,0,1,0,0,1,1,1,0,3,1,4,2,3,4,2
8.86463705026728,0,0,0,18,0,1,0,0,2,2,0,2,2,2,0,0,0,0,1,1,0,0,1,0,4,4,3,2,4,12
10.8288256682138,1,0,0,18,1,0,0,0,2,2,0,2,2,1,2,0,1,0,0,0,1,1,1,4,2,3,0,0,3,2
13.0613355957982,1,0,0,17,0,1,1,1,2,2,0,1,0,0,0,0,1,0,1,1,1,1,1,3,2,4,1,3,4,2
12.1865835425521,1,0,0,16,0,1,1,1,2,2,0,1,0,1,0,0,1,0,0,1,1,0,1,3,1,1,0,0,2,4
12.0511003296134,1,0,0,16,1,1,1,1,3,3,0,1,0,2,0,0,1,0,1,1,1,1,0,2,2,1,1,1,2,0
12.6049654949421,1,0,0,16,0,1,2,0,3,3,0,0,0,2,0,0,1,0,0,0,1,1,0,2,3,2,1,2,4,0
16.4695353201016,1,0,0,16,1,1,-1,1,0,0,1,0,1,2,0,0,0,0,0,1,1,1,0,2,2,2,1,2,1,0
11.5104927441022,1,0,0,17,0,1,0,0,2,2,1,1,1,2,0,0,0,0,1,1,1,1,0,3,4,4,0,1,1,0
14.1513117674632,1,0,1,17,0,1,3,3,2,2,0,1,0,2,0,0,0,0,1,1,1,1,0,3,2,2,1,1,2,0
12.7469870046477,1,0,1,16,0,1,2,2,2,3,3,1,0,0,0,0,0,0,1,0,1,1,0,3,2,4,2,4,4,0
12.5953047418201,1,0,1,16,0,1,1,1,3,2,0,1,3,0,0,0,1,0,0,1,1,1,0,3,3,4,4,4,3,2
16.0489410775667,1,0,0,16,0,1,3,3,4,3,0,1,0,2,0,0,1,0,1,1,1,1,0,4,3,3,0,2,3,0
15.4274404733065,1,0,0,16,0,1,3,3,4,4,0,1,1,2,0,0,1,0,0,0,1,1,1,3,2,2,0,1,3,4
7.72770257108585,0,0,0,16,0,1,2,2,0,2,0,1,0,0,0,0,1,1,1,1,1,1,0,3,1,4,1,4,4,2
11.7220692965665,0,0,1,17,1,1,1,1,2,2,0,1,0,3,0,0,1,1,1,1,1,1,0,3,4,4,1,3,4,0
13.63969310945,0,0,1,18,0,1,2,1,0,3,1,2,0,0,0,0,1,0,0,0,1,0,1,4,2,3,1,1,4,0
10.5205162603728,1,0,0,17,0,1,1,1,0,2,0,1,3,1,0,0,0,0,1,1,1,0,1,3,1,4,0,0,1,2
12.7305932591096,1,0,0,16,0,1,1,3,0,2,0,0,0,2,0,0,1,0,0,1,1,1,1,3,3,2,0,0,4,0
14.0282423381625,1,0,1,17,0,1,1,1,2,2,3,1,0,0,0,0,0,0,0,0,1,1,0,4,3,1,0,1,4,6
13.2347533934015,1,0,0,17,0,1,2,2,3,3,1,1,0,1,0,0,0,0,1,1,1,1,0,4,2,3,0,0,3,8
16.6381181233035,1,0,0,17,1,1,1,1,2,2,1,2,0,1,0,0,0,0,1,0,1,1,1,3,2,2,0,0,1,0
14.5514456423113,1,0,0,17,0,1,1,1,0,2,0,1,1,3,0,0,0,0,1,1,1,0,0,3,3,3,0,0,3,6
16.0688879922684,1,0,0,16,0,1,2,3,3,2,0,1,0,2,0,0,0,0,0,1,1,1,0,3,3,4,0,2,4,8
13.345499472076,1,0,0,16,0,1,2,1,2,2,1,1,0,1,0,0,1,0,0,1,1,1,1,3,2,1,1,2,1,0
16.6656747333584,1,0,0,17,1,1,2,2,3,3,1,1,0,3,0,0,1,0,0,1,1,1,0,4,2,2,0,0,0,4
13.2494523671173,1,0,0,16,0,0,2,1,2,2,1,1,0,1,0,0,1,0,0,1,1,1,0,3,2,2,1,2,1,0
16.1104635466884,1,0,1,17,0,1,3,3,4,3,1,0,0,1,0,0,1,0,1,1,1,1,0,3,2,2,1,1,1,0
11.8471506974736,1,0,1,17,1,1,2,3,3,2,1,1,0,1,0,0,0,0,1,1,1,1,1,3,2,2,0,2,4,6
12.0535495503176,1,0,0,16,0,0,1,1,0,0,1,0,0,1,0,0,1,0,0,1,1,1,1,2,2,0,0,1,3,18
12.0643815711887,1,0,0,17,0,1,1,2,0,2,0,1,0,2,0,0,1,0,0,1,1,1,0,3,2,2,0,1,2,0
14.7409880592765,1,0,0,17,0,1,2,1,2,3,2,1,0,2,0,0,0,0,0,1,1,1,1,4,3,2,1,2,0,4
11.0867021791057,0,0,1,17,0,1,3,2,4,3,0,1,0,2,0,0,0,0,0,1,1,1,1,4,2,1,0,1,3,4
12.5711409169152,1,0,1,17,0,1,3,2,4,2,0,1,0,2,0,0,1,0,0,1,1,1,1,4,3,4,1,2,4,0
14.9640014740352,1,0,0,16,0,1,3,2,1,2,3,1,0,2,0,0,1,0,1,1,1,1,1,3,3,2,0,2,3,0
9.48346659796436,1,0,0,16,0,1,1,0,3,2,0,1,1,1,0,0,1,0,1,1,1,1,1,3,2,3,1,1,0,10
12.2113875558981,1,0,0,16,0,1,1,0,3,2,3,1,0,1,0,0,1,0,1,1,1,1,0,3,2,4,1,3,3,4
11.5053448555862,1,0,0,18,1,0,1,2,0,2,1,2,1,0,1,0,0,0,0,1,0,1,0,1,1,2,2,3,4,16
13.848380464689,1,0,0,16,0,1,2,0,2,0,1,1,0,0,1,0,1,1,0,1,1,1,1,3,0,1,0,0,2,6
15.639196785529,1,0,0,20,1,1,3,3,2,2,3,2,0,2,2,0,0,1,1,1,1,1,0,2,2,1,0,0,4,0
10.1581639036695,1,0,1,17,1,1,1,1,3,3,3,1,0,1,0,0,1,0,1,0,0,1,0,3,3,3,0,2,2,11
13.0067509154819,0,0,1,17,1,0,2,3,2,2,3,2,0,1,0,0,0,0,1,1,1,1,1,3,2,4,0,3,1,9
11.2959803726633,0,0,0,16,0,1,1,1,3,3,3,1,0,1,0,0,1,0,1,1,1,1,0,3,2,3,0,2,3,0
11.7148512124713,0,0,1,16,1,0,3,3,1,2,3,1,0,2,0,0,1,0,0,1,1,1,0,3,3,1,0,1,3,2
14.6505534122334,1,0,0,17,1,1,3,1,4,2,0,1,0,1,0,0,1,0,1,1,1,1,0,3,1,1,0,0,2,0
3.97967949207593,0,0,1,20,1,1,0,0,0,2,0,2,1,1,2,0,1,0,1,1,0,1,1,4,2,2,4,1,3,21
13.3812310778287,1,0,0,19,0,1,0,0,2,2,3,2,1,2,0,0,0,0,0,1,1,1,1,2,1,1,0,2,2,8
14.7922871720958,1,0,0,18,0,1,3,3,4,2,1,2,0,0,1,0,1,0,0,1,1,1,1,2,1,4,3,3,4,5
12.6299209601094,1,0,1,16,1,0,2,1,2,2,3,1,0,1,0,0,1,0,0,1,1,1,0,3,3,3,0,1,4,10
15.8612766218621,1,0,0,17,0,1,2,1,0,2,3,0,0,2,0,0,1,0,0,1,1,1,1,3,2,3,0,1,1,5
11.9765319227252,1,0,1,17,0,1,1,2,2,3,3,0,0,0,0,0,0,0,0,1,1,1,0,2,0,2,3,4,3,13
14.2366926430956,1,0,1,18,0,1,1,0,2,2,3,1,0,0,0,0,0,0,0,1,1,1,0,4,2,3,0,3,3,10
9.49403474437405,1,0,0,17,1,0,1,1,3,2,3,1,1,1,0,0,1,0,0,1,1,1,0,3,0,3,0,2,3,10
14.8939389664025,1,0,0,19,0,1,0,-1,2,2,3,1,1,0,1,1,0,0,0,1,1,1,1,4,2,0,0,0,4,5
11.0491782602285,1,0,0,17,0,1,2,1,3,2,1,1,0,1,0,0,1,0,1,0,1,1,1,2,0,1,0,1,0,4
8.63269978956696,0,1,0,15,0,1,0,2,0,2,2,0,1,0,0,0,1,0,0,1,0,1,1,3,2,2,0,2,4,11
10.9954112071046,0,1,0,15,0,1,1,1,2,2,0,1,1,1,0,0,1,0,1,1,1,1,0,3,3,3,0,0,4,0
2.4932216147297,0,1,0,14,0,1,0,0,0,3,2,1,0,0,1,0,1,0,0,1,1,0,1,3,0,2,0,0,1,6
8.65854226694336,0,1,0,14,0,1,2,2,0,2,0,1,1,0,0,0,1,0,0,1,1,1,0,4,3,3,1,2,4,4
7.75729613942271,1,1,0,15,0,1,1,2,0,3,0,1,1,1,0,0,0,0,0,1,1,0,0,3,4,1,0,1,4,0
9.87933553221634,0,1,0,14,1,1,1,0,0,2,1,1,1,0,0,0,0,0,0,1,0,0,0,0,2,3,0,0,0,0
10.7356866156029,0,1,1,15,1,0,3,3,0,2,1,1,0,1,0,0,1,0,0,1,1,0,0,4,2,1,0,2,1,5
9.0471522666285,1,1,1,15,0,0,0,1,2,2,2,1,0,2,0,1,0,0,0,1,1,1,0,3,3,2,0,0,4,0
12.172984755417,0,1,0,16,0,1,2,1,0,2,0,0,0,1,1,0,0,0,0,1,1,0,1,3,4,3,0,1,4,0
13.0433983858781,1,1,0,16,0,1,0,0,2,2,2,0,0,0,1,0,1,0,0,0,0,1,0,4,3,3,1,1,4,0
8.93246851267094,0,1,0,14,0,1,3,3,4,2,0,1,1,0,0,0,0,0,0,1,1,1,1,0,4,0,2,4,4,0
11.1150347087627,1,1,0,15,1,0,1,1,0,2,3,1,1,3,0,0,0,0,1,0,0,0,1,0,1,0,0,0,0,4
9.1765891379882,0,1,0,14,1,1,0,0,0,3,3,0,1,1,0,0,1,0,0,1,1,1,0,4,3,2,0,1,3,0
7.60683194876001,0,1,0,14,1,1,0,0,2,3,0,1,1,0,1,0,1,0,0,1,1,1,1,3,3,2,0,1,1,4
9.5198273532342,1,1,0,15,0,1,-1,1,2,2,2,1,1,0,0,0,1,0,1,1,1,0,0,2,1,2,0,1,1,0
9.58834814483716,0,1,0,16,0,1,1,2,2,2,0,1,1,0,0,0,1,0,0,1,1,1,0,4,4,4,0,2,2,2
10.041446870269,0,1,0,14,0,1,2,2,2,3,0,0,1,0,0,0,0,0,0,0,1,1,0,3,0,2,0,0,3,0
10.2546614055887,1,1,1,15,0,1,0,0,0,3,1,1,1,1,0,0,1,0,1,1,1,0,1,4,3,4,3,4,2,0
10.6838153060036,0,1,1,16,0,1,0,0,2,2,1,1,0,1,0,0,0,1,0,0,1,1,0,3,3,2,1,3,4,4
12.8013498393877,1,1,1,14,1,1,3,0,1,3,3,0,0,1,0,0,1,0,1,1,1,1,0,4,2,3,0,1,1,0
10.9533770914065,1,1,1,14,1,1,3,0,1,3,3,0,0,1,0,0,1,0,1,1,1,1,0,4,2,3,0,1,1,7
11.2418779673855,0,1,1,15,0,1,2,3,2,1,2,1,2,1,0,0,0,0,0,0,1,0,0,2,3,4,0,1,4,4
10.8360152976704,1,1,1,14,0,1,0,0,2,2,0,1,3,1,0,0,1,0,1,1,1,0,1,4,3,4,1,3,3,8
15.4999801998669,1,1,1,14,1,1,2,2,0,0,3,0,0,1,0,0,1,0,1,1,1,1,0,4,2,2,0,0,4,0
3.74262521051664,0,1,1,16,0,1,1,0,2,2,2,1,2,0,0,0,0,0,1,1,0,0,1,4,4,4,4,4,2,8
9.17812526548262,1,1,0,15,0,1,3,3,4,4,0,1,1,2,0,0,0,0,1,1,1,1,1,3,1,1,0,0,3,6
8.94898920244153,0,1,0,14,0,1,0,1,2,3,0,1,1,0,0,0,0,0,0,1,1,0,0,4,0,1,0,0,0,3
11.7554786844912,0,1,0,15,0,1,1,2,2,3,0,1,2,1,0,0,1,0,0,1,1,1,0,3,4,3,0,1,0,2
10.2622620049191,0,1,1,15,0,1,0,1,2,2,0,0,1,1,0,0,0,0,0,1,1,0,0,3,2,2,0,0,4,0
10.4972511932887,0,1,0,15,0,1,1,1,2,2,0,1,2,1,0,0,1,0,0,1,1,1,0,3,3,4,0,0,3,4
10.354715991611,1,1,0,15,0,1,0,1,2,3,0,1,0,2,1,0,1,0,0,1,1,0,0,0,2,1,0,1,3,0
6.94138470520792,0,1,0,15,0,1,0,1,2,3,0,1,0,2,1,0,1,0,0,1,1,0,0,0,2,1,0,1,3,3
14.5075726128847,0,1,0,14,0,1,1,0,0,2,1,1,0,1,0,1,1,0,0,0,1,1,0,3,3,1,2,2,1,0
9.91333601218871,0,1,0,15,0,1,0,0,0,2,0,0,0,1,0,0,1,0,0,0,1,0,1,4,3,2,1,0,1,0
9.00882289965756,0,1,1,16,1,1,0,1,0,3,3,1,0,0,0,0,1,0,1,1,1,1,0,4,4,4,4,4,2,4
16.6859590289163,1,1,0,15,0,1,0,0,2,2,1,0,3,3,0,0,1,0,0,0,1,1,0,3,2,1,0,0,0,0
8.28944035690701,0,1,0,15,0,1,0,0,0,2,2,0,3,2,0,1,1,0,0,1,1,0,0,3,3,2,0,0,4,2
13.7812035477823,1,1,0,14,0,1,0,0,0,2,1,0,1,1,0,0,1,0,1,1,1,1,0,3,2,2,0,0,1,1
7.97992164637483,0,1,0,15,0,1,0,0,0,2,2,1,1,0,0,0,0,0,1,1,1,1,1,3,1,1,3,2,1,0
12.7008476349453,0,1,0,14,0,1,0,0,0,0,0,0,2,1,0,0,1,0,0,1,1,0,0,3,1,0,0,1,1,0
12.2812263232817,0,1,0,14,1,1,1,1,2,2,2,0,0,2,0,1,1,0,0,1,1,0,0,3,3,2,1,1,4,2
8.8307801102002,0,1,1,15,0,1,0,0,0,2,2,0,1,0,0,0,0,0,1,1,1,0,0,2,3,3,2,3,4,6
13.3867301401704,1,1,0,17,0,1,0,1,2,2,0,0,0,1,1,0,1,0,1,1,1,1,1,2,3,3,1,2,4,9
10.695762338188,0,1,1,14,0,1,2,0,2,3,1,1,1,0,0,0,1,0,0,1,1,0,0,2,1,2,0,2,3,0
15.1554296586765,0,1,0,15,0,1,1,1,2,3,0,0,2,1,0,0,1,0,1,1,1,1,0,4,2,3,0,0,1,1
8.63060901944773,0,1,1,14,0,1,1,1,1,2,3,1,2,0,0,0,0,0,0,1,1,0,0,3,2,2,0,1,3,1
11.634257495384,0,1,1,15,0,1,3,3,2,4,0,0,0,1,0,0,1,0,1,1,1,0,1,3,2,0,0,0,2,0
14.068042138446,1,1,0,14,0,1,2,2,3,2,3,1,0,1,0,0,1,0,0,1,1,1,1,3,4,3,0,0,0,4
5.8011879507404,0,1,0,15,0,1,1,1,0,2,0,1,1,1,1,0,1,0,1,0,1,0,0,3,3,3,1,2,4,2
11.4445907451198,1,1,0,15,1,1,1,1,2,2,1,0,2,0,0,0,1,0,1,1,1,0,1,3,2,1,0,0,3,0
10.8454178030254,0,1,1,15,1,1,1,0,0,3,0,1,1,0,0,0,1,0,1,1,1,1,0,1,3,2,1,2,3,4
14.097363473575,0,1,1,14,1,1,0,2,0,2,3,0,2,0,0,0,1,0,1,1,1,1,0,3,1,3,2,4,2,2
7.48811211295244,0,1,0,14,0,1,1,1,2,3,0,1,1,2,0,0,1,0,1,1,1,0,0,4,2,1,0,0,3,0
9.2057844171352,0,1,0,15,1,1,1,0,2,2,1,1,0,0,0,0,1,0,0,1,1,1,1,4,3,2,0,0,4,2
8.83736914270327,0,1,1,14,0,1,2,2,3,3,0,0,1,0,0,0,1,0,1,0,1,1,0,3,2,2,1,3,2,11
4.09285242126445,0,1,0,15,0,1,0,0,0,2,0,0,1,1,3,1,1,0,0,1,1,0,0,2,3,2,0,0,0,0
8.36247134016761,0,1,0,16,0,1,1,1,2,0,0,1,0,0,0,0,1,0,1,1,0,0,0,3,4,2,0,0,4,4
9.414452205695,0,1,0,18,0,1,1,2,0,3,0,2,0,0,1,0,0,0,0,1,0,1,1,3,3,3,0,0,1,0
9.90729871380271,0,1,0,16,0,1,1,0,0,2,0,1,2,0,0,0,1,0,1,1,0,0,1,4,4,2,0,0,2,2
7.73996332762772,0,1,0,14,1,1,0,0,0,2,0,1,1,0,0,0,1,0,0,1,0,0,1,4,1,0,0,2,3,0
5.69369630999145,0,1,0,15,0,1,1,1,2,2,0,0,2,1,0,0,1,0,0,1,0,1,0,2,3,4,0,1,0,1
12.1019592662954,1,1,0,15,1,0,1,1,2,2,1,1,0,0,0,0,1,0,0,1,0,0,0,3,2,3,0,1,0,6
6.28472891449376,0,1,0,16,0,1,1,1,0,2,0,1,1,1,0,0,1,0,0,1,1,1,0,3,2,4,0,1,3,0
9.57601729394584,1,1,0,15,0,1,1,1,2,3,0,0,0,0,1,0,1,1,1,0,1,1,0,3,3,2,0,3,2,1
7.34689596559202,1,1,0,17,1,0,2,1,2,2,0,2,1,2,2,0,1,0,0,0,0,0,1,2,2,1,0,0,1,6
10.1983390967981,1,1,0,18,0,1,0,0,0,3,0,1,0,2,1,0,0,0,1,1,0,0,1,4,2,0,0,0,2,6
5.89092720338858,0,1,1,17,0,1,0,0,2,2,1,1,1,0,1,0,0,0,1,1,0,1,0,3,3,2,2,3,3,0
7.12287009441136,0,1,0,17,0,1,0,0,0,0,0,1,1,0,1,0,0,0,0,0,0,1,1,2,1,2,0,0,1,4
8.95609160018712,1,1,0,18,0,1,0,0,2,2,0,2,1,1,1,0,1,0,0,1,1,1,1,0,0,3,3,0,0,12
9.96531098397667,0,1,0,15,0,0,1,1,1,2,0,1,0,1,0,0,0,0,0,0,1,0,1,2,2,1,0,0,2,2
12.0227096422651,1,1,0,16,0,1,-1,0,2,0,0,0,1,0,0,0,0,0,1,0,1,0,0,1,3,3,2,4,4,5
13.1207541985315,1,1,0,15,1,1,0,1,0,2,0,1,0,1,0,0,0,0,1,1,0,1,0,3,3,4,0,2,2,0
8.28508465664772,0,1,0,15,0,1,2,2,2,2,3,1,0,0,0,0,0,0,1,1,0,1,1,3,4,3,0,0,3,0
12.6406066286212,1,1,0,15,1,1,0,0,3,3,1,1,0,0,0,0,1,0,1,1,1,1,1,3,3,3,1,1,3,2
6.26200571459279,1,1,1,16,0,1,2,2,3,0,0,1,1,3,1,0,1,1,1,1,1,0,0,4,3,4,2,3,4,0
10.5564928932402,0,1,0,15,0,1,1,0,2,3,0,1,0,1,0,0,1,0,1,1,1,1,0,4,2,2,0,0,0,0
11.2115101536746,0,1,0,15,0,1,1,1,3,2,0,1,0,0,0,0,1,1,1,1,1,0,1,3,1,4,0,1,4,0
6.27649708750791,1,1,1,16,0,1,0,1,2,2,0,0,0,0,1,0,1,0,1,1,0,1,1,4,2,4,4,4,0,12
7.1948004348497,1,1,1,15,1,1,3,2,2,2,0,0,0,0,0,0,0,0,1,1,1,1,0,3,1,4,0,4,4,8
10.5760358278299,0,1,1,16,1,1,1,1,3,3,2,1,2,3,1,0,1,0,0,1,1,0,0,0,2,4,2,4,2,2
10.7658251818306,1,1,0,15,0,1,0,0,2,2,0,2,0,3,0,1,1,0,1,1,1,1,0,1,1,0,0,0,4,0
14.258744290816,0,1,0,18,1,1,1,1,2,2,1,1,0,2,0,0,0,0,0,1,1,1,1,4,3,4,0,0,0,0
12.1247691876952,1,1,0,16,0,1,0,0,0,2,3,1,1,0,0,0,1,0,1,0,1,1,1,3,3,4,0,1,4,0
11.680659168827,1,1,0,19,0,1,2,2,0,3,2,1,1,1,1,0,0,0,1,1,1,1,1,2,2,3,1,3,2,8
10.6022781834415,1,1,0,16,1,1,0,0,2,3,0,0,0,2,0,0,1,0,0,1,1,0,1,3,2,2,0,0,2,0
7.56358637268507,0,1,1,16,0,1,1,1,2,2,0,1,2,0,1,0,1,0,0,0,1,1,0,3,3,4,0,1,4,0
9.60581898363263,0,1,0,15,1,1,0,0,0,2,0,0,2,1,0,0,1,0,0,1,1,0,0,4,2,1,0,0,0,0
9.66524259092289,0,1,0,16,0,1,1,1,2,2,3,1,1,1,0,0,1,0,1,1,1,0,0,4,2,1,0,0,0,0
9.48291193699233,0,1,0,16,0,0,0,-1,2,2,2,1,1,1,0,0,0,0,0,1,1,1,1,3,3,4,0,0,3,1
8.61779999434998,0,1,0,17,0,1,0,0,0,2,2,1,0,1,1,0,1,0,0,1,1,1,1,3,2,1,0,0,4,9
8.80344797573778,1,1,0,15,0,1,2,0,2,2,0,1,0,0,0,0,0,0,1,1,1,1,0,2,0,2,0,2,0,0
10.8266090444855,1,1,0,15,0,1,2,1,3,0,0,1,0,0,0,0,0,0,0,1,1,1,0,2,0,2,0,3,2,2
12.1812191404628,1,1,0,17,1,1,0,0,2,0,3,1,1,1,0,1,0,0,0,1,1,0,0,1,2,4,0,3,2,8
10.8825979422571,0,1,0,15,0,1,3,3,1,4,3,0,0,1,0,0,0,0,1,0,1,1,1,3,2,2,1,2,1,0
8.45130454009258,0,1,0,15,1,1,0,1,2,2,3,1,1,0,0,0,0,0,1,1,1,1,0,4,3,4,0,3,1,0
14.0286240163334,1,1,0,17,0,0,1,3,2,3,3,0,0,1,1,0,1,0,0,1,1,1,0,1,2,1,0,2,0,8
8.05387582248674,0,1,1,15,0,1,1,0,2,3,3,1,1,1,0,0,0,0,1,1,1,1,0,4,1,0,0,0,1,0
10.0014337891945,1,1,0,15,1,1,0,0,0,2,2,1,2,1,0,0,1,0,0,1,1,1,0,3,2,1,0,2,4,6
14.2373231162537,1,1,0,15,0,1,1,2,0,3,2,1,1,1,0,0,1,0,1,1,1,1,0,2,2,2,0,0,1,0
9.30146210654021,0,1,0,15,0,1,3,3,1,1,0,1,0,1,0,0,1,0,0,1,1,1,1,3,2,3,0,1,2,4
9.26045626612856,0,1,1,17,1,1,3,3,0,1,1,1,0,3,0,0,1,0,1,1,0,1,1,4,4,4,4,4,4,2
8.96273369054135,0,1,0,15,1,1,2,3,0,2,2,1,2,1,0,0,1,0,0,0,1,0,0,3,1,0,0,0,1,2
13.0526023379115,1,1,1,16,1,1,3,3,2,3,1,1,0,2,0,0,1,0,0,1,1,1,0,3,3,2,0,1,4,0
13.3989087649254,1,1,0,16,0,1,3,0,2,2,2,1,0,0,0,0,0,0,0,1,1,1,1,3,1,2,0,1,4,1
9.34675718255908,0,1,1,15,1,1,1,1,3,3,2,1,3,2,0,0,0,0,0,1,1,0,0,4,0,2,1,1,2,0
7.04041694698907,0,1,0,16,0,1,1,1,0,2,2,1,0,0,0,0,1,1,0,1,1,1,0,4,0,2,0,1,4,5
11.6357538979785,0,1,0,15,1,1,3,3,3,3,2,0,1,0,0,0,1,0,0,1,1,0,0,4,0,2,0,1,4,1
12.6838545373922,1,1,1,16,0,1,2,2,3,3,1,1,0,0,0,0,1,0,1,1,1,1,0,3,0,3,4,4,2,8
11.4938038720072,0,1,1,16,0,1,0,0,0,3,2,1,2,1,0,0,0,0,0,1,1,1,1,4,0,2,2,2,0,0
12.679724107633,0,1,1,15,0,1,1,0,1,3,2,1,1,1,0,0,0,0,0,0,1,1,1,3,1,1,0,3,4,2
12.9873066148544,0,1,0,15,1,1,1,0,2,3,2,1,0,1,0,0,0,0,0,1,1,1,1,2,1,1,0,0,2,0
12.7685225868896,0,1,1,15,1,1,3,3,4,1,2,0,0,0,0,0,1,0,0,1,1,1,0,3,0,1,1,4,4,0
11.4575676450807,0,1,1,14,0,1,0,1,2,3,0,1,2,1,0,0,1,0,1,1,1,0,0,4,4,4,0,2,4,11
11.8952545119733,0,1,1,14,1,0,1,1,2,2,3,1,2,3,0,0,1,0,1,1,1,0,0,4,3,4,1,2,4,8
6.85450491760686,0,1,1,14,1,0,1,0,3,3,0,1,0,0,0,0,0,0,1,1,1,1,0,3,2,2,0,1,4,11
10.1665989849644,1,1,0,15,1,1,1,1,2,2,0,1,0,2,0,0,1,0,0,0,1,0,1,3,2,2,1,1,4,2
9.66783032138509,1,1,0,15,1,1,3,0,2,2,1,1,1,1,0,0,1,0,1,1,1,1,0,0,1,3,1,1,0,8
11.9162751079993,1,1,0,16,0,1,2,1,0,2,1,1,1,0,0,0,0,0,0,1,1,0,1,3,2,2,1,1,0,5
8.61097932053063,0,1,0,16,0,1,1,1,2,2,2,1,1,1,0,1,0,1,0,1,1,0,0,4,0,2,0,0,4,0
7.67488298549709,0,1,0,15,0,1,3,3,4,3,0,1,1,2,0,0,1,0,0,1,1,1,1,4,2,4,0,3,4,1
4.93594010126035,1,1,1,16,0,1,3,3,1,2,0,0,2,0,3,0,0,0,1,1,1,1,1,2,2,2,0,2,4,2
8.93319705778654,0,1,1,16,1,1,0,2,2,2,0,0,1,0,0,0,0,0,1,1,1,0,1,4,0,1,2,2,4,2
10.5953037276106,1,1,1,16,0,1,2,3,3,2,2,1,0,1,1,0,1,0,1,0,1,1,1,4,3,3,2,3,4,8
13.9580507106771,1,1,0,16,0,1,3,3,1,1,0,0,0,1,0,0,1,0,0,1,1,1,0,4,1,4,0,0,4,0
12.7696084486077,1,1,1,15,1,1,3,0,2,0,2,0,0,0,0,0,0,0,0,1,1,1,0,3,0,1,1,0,1,0
7.85320467489999,0,1,0,16,0,0,0,0,0,0,2,1,0,1,0,0,0,0,1,1,1,1,1,3,4,4,0,1,2,2
10.0943699758538,0,1,0,16,0,1,3,1,2,2,0,1,1,1,0,1,1,0,0,0,1,1,0,3,2,2,1,2,4,0
8.04592870715557,1,1,1,15,1,0,1,1,2,3,0,0,1,1,0,0,1,0,0,0,1,1,1,3,0,1,1,1,4,0
6.18296082676319,0,1,1,16,0,1,2,1,2,2,2,0,1,1,0,0,1,1,0,1,1,1,0,3,0,1,1,1,0,0
2.40763300493494,1,1,1,18,0,1,0,0,2,2,2,1,0,1,2,0,1,0,1,1,0,1,0,3,3,2,2,3,3,2
10.969793797336,1,1,1,16,1,0,0,-1,2,2,1,1,0,0,0,0,0,0,0,1,1,0,1,3,0,1,0,0,4,4
4.95243805022254,0,1,0,16,0,1,0,0,0,0,0,0,1,0,0,0,1,0,1,1,0,1,1,2,4,4,1,1,3,3
11.2067018735446,1,1,0,15,0,1,0,1,2,2,1,0,0,2,0,1,1,0,0,0,1,1,1,3,2,3,0,0,2,5
7.2153910140434,1,1,1,15,1,1,0,1,2,0,0,1,0,0,0,0,0,0,0,1,1,0,0,3,3,3,1,3,4,4
8.4976045538445,0,1,0,16,0,1,2,0,2,2,0,1,1,1,3,0,1,0,1,0,1,1,1,4,3,3,0,0,4,2
9.46604167947631,1,1,1,16,0,1,1,1,2,2,0,1,1,0,0,0,0,0,1,1,0,0,1,4,4,4,2,4,4,0
6.66497210946609,0,1,1,17,0,1,0,-1,0,0,0,2,2,0,1,1,1,0,0,1,1,0,0,3,2,1,0,0,3,0
11.0251146741295,1,1,1,16,0,1,0,0,2,3,0,1,1,0,0,0,1,0,1,0,1,1,1,3,4,4,0,2,1,0
6.99121759711098,0,1,1,17,1,1,0,0,0,0,0,1,1,1,0,0,1,0,1,1,1,0,0,3,2,2,0,3,4,6
15.7400642494539,1,1,0,15,1,1,1,1,2,3,0,0,0,1,0,0,0,0,1,1,1,0,1,4,3,2,0,0,0,0
7.14903108366481,0,1,1,16,0,1,1,1,2,2,0,1,0,0,1,0,0,0,1,1,1,0,1,0,1,0,1,2,4,0
6.60234745121879,1,1,1,15,0,1,2,1,3,2,0,0,1,0,0,0,0,0,0,1,1,1,0,3,4,4,1,2,4,2
11.1605690954572,0,1,1,15,1,1,0,0,0,2,0,1,1,0,0,0,0,0,1,1,1,1,0,3,4,4,1,3,4,0
6.28786375078151,0,1,1,17,0,1,0,0,3,2,0,2,1,0,1,0,1,0,0,1,0,1,1,4,2,2,1,2,4,2
10.1670920850306,1,1,1,17,0,1,2,1,3,2,0,1,0,0,1,0,0,0,0,1,0,1,0,1,2,0,1,1,4,0
9.69526214662633,1,1,1,18,0,1,2,1,0,3,0,1,1,0,3,0,0,0,1,1,1,0,0,2,1,0,0,0,2,4
4.60577511406723,1,1,1,17,0,1,2,2,0,0,0,1,0,1,2,0,1,0,1,1,0,1,0,3,3,4,0,2,2,9
13.5909279242258,1,1,1,15,0,1,1,1,3,3,0,1,1,0,0,0,1,0,1,1,1,1,1,4,3,2,1,3,3,6
4.53877638332937,1,1,1,18,0,1,1,0,0,2,0,2,1,0,3,0,0,0,1,0,0,1,1,3,3,2,0,2,4,4
9.06029778096676,0,1,0,15,0,0,2,1,3,0,0,1,1,1,2,0,1,0,1,1,1,0,1,1,4,4,0,0,0,8
12.3551265977283,1,1,0,16,0,1,0,0,2,0,0,1,0,0,0,0,1,0,1,1,1,0,0,3,2,1,0,1,4,9
4.14092507766208,0,1,1,19,0,1,0,0,2,2,0,2,1,0,1,0,1,0,0,1,0,1,1,3,3,2,1,3,3,12
14.0887314745369,1,1,0,17,0,0,3,2,3,3,0,1,0,0,0,0,1,0,0,1,1,1,0,4,3,3,2,3,1,8
8.38665692023604,1,1,1,17,0,1,2,1,2,2,0,1,1,0,0,0,1,0,0,0,1,1,0,1,4,4,4,4,4,8
6.96372877904624,0,1,1,18,0,1,0,0,2,3,1,2,2,1,1,0,0,0,0,1,1,1,0,4,3,3,2,2,1,8
9.03684241177949,1,1,1,16,0,1,2,2,1,2,0,1,1,1,1,0,1,0,0,1,1,1,0,3,4,3,1,2,2,4
9.03324231170193,0,1,1,17,1,1,0,2,0,3,0,1,0,0,0,0,0,0,0,1,0,1,1,3,2,2,1,2,2,0
7.56535454727775,1,1,1,18,0,1,0,0,2,2,1,2,2,0,1,0,1,0,0,1,1,1,0,3,3,3,2,2,4,4
7.18479553861461,0,1,0,17,0,0,0,1,0,2,0,1,1,1,2,0,1,0,0,1,1,0,0,3,2,2,0,0,4,2
12.979295367177,1,1,0,18,1,0,0,0,0,2,0,1,0,0,0,0,1,0,0,1,0,0,0,0,3,3,0,0,4,0
7.90050838222206,0,1,0,17,0,1,1,1,2,2,2,1,1,0,1,0,0,0,0,1,0,1,1,4,4,4,0,0,2,0
10.8137254459266,1,1,0,16,0,1,-1,-1,0,2,0,1,1,0,0,0,1,0,0,1,1,1,0,3,3,2,0,0,4,0
7.53622108712535,0,1,0,16,1,0,2,0,2,0,0,2,1,2,0,0,1,1,0,1,0,0,0,3,1,2,1,1,2,5
13.3302721788832,1,1,0,16,0,1,3,1,4,3,1,1,0,1,0,1,1,0,1,1,1,1,0,4,4,4,0,2,4,0
10.0755415622833,1,1,0,17,1,1,1,1,3,3,0,1,0,1,1,0,1,0,1,1,1,1,0,1,2,2,0,1,3,3
9.25178403997426,1,1,0,16,0,1,3,0,1,0,0,1,0,0,0,0,1,0,0,1,1,0,1,2,1,1,0,0,4,0
12.6466056275141,1,1,0,16,1,1,0,1,0,2,0,0,0,0,0,0,0,0,0,1,1,1,0,4,4,0,0,0,2,0
8.70532446702987,0,1,0,17,0,1,0,0,2,2,0,1,2,1,2,0,0,0,1,1,1,0,1,2,3,3,1,1,4,3
14.1249049735058,0,1,0,17,0,1,1,1,3,0,3,0,1,1,0,0,0,0,1,0,1,1,0,3,2,4,0,0,0,2
11.6503835103144,0,1,0,16,0,1,2,2,3,3,0,1,1,0,0,0,1,0,0,1,1,1,0,3,3,2,0,0,3,0
12.1809128807315,0,1,0,17,1,0,0,1,0,2,3,1,1,1,0,0,0,0,0,1,1,1,0,3,3,2,0,1,3,0
12.6998064542434,0,1,0,17,0,1,3,3,4,4,3,1,1,1,0,0,0,0,1,0,1,1,0,3,2,4,0,1,0,0
15.4007669734675,1,1,1,17,1,1,3,3,3,2,3,1,0,0,0,0,1,0,1,1,1,1,0,4,3,4,0,0,4,3
7.57842178741109,0,1,0,16,0,1,3,1,2,2,0,1,1,1,0,0,1,0,0,1,1,1,0,3,2,2,0,1,3,0
7.92387049388582,0,1,0,17,0,1,1,1,0,2,0,1,2,1,1,0,0,0,1,1,1,0,1,3,2,2,0,0,3,0
10.8723833882009,1,1,1,17,1,1,0,1,0,3,1,1,1,0,0,0,1,0,0,0,1,0,0,3,0,3,4,4,0,8
7.83983157356381,0,1,1,17,0,1,3,3,0,3,2,1,2,0,0,0,1,1,1,1,1,1,1,1,4,4,0,0,0,5
12.2829856159972,1,1,1,16,0,1,0,0,2,3,2,0,2,0,0,0,0,0,0,0,0,0,0,3,1,2,2,3,3,4
10.7481970419531,1,1,0,17,0,1,1,1,2,2,0,1,1,1,0,0,1,0,0,0,1,1,1,0,2,0,0,0,1,4
12.4079518740341,1,1,0,17,1,1,1,1,3,3,0,0,1,2,0,0,0,0,0,1,1,1,1,4,3,4,0,3,2,0
11.7434437629207,1,1,0,17,1,0,3,1,4,2,3,1,0,1,0,0,0,0,1,1,1,1,1,4,2,0,0,0,4,0
4.24829955257494,0,1,0,17,0,1,0,0,0,3,0,1,2,1,1,0,0,0,0,1,0,0,0,3,3,1,0,1,1,2
6.01188014222617,0,1,0,18,0,1,0,0,0,3,2,0,1,0,1,0,0,0,0,1,0,0,0,4,4,4,1,2,1,0
13.5322964145636,1,1,0,16,0,1,3,1,4,2,0,0,1,3,0,0,0,0,0,1,1,1,1,3,1,2,2,0,4,0
7.46965215419429,0,1,0,16,1,0,1,0,3,2,3,1,1,1,0,0,0,0,1,1,1,1,1,4,2,2,0,1,1,5
14.1661440940225,1,1,0,17,1,0,0,0,0,3,0,1,0,1,0,0,0,0,0,1,1,0,1,4,1,2,0,1,2,2
9.80119099801503,1,1,0,17,0,1,0,1,0,0,0,0,1,1,0,0,1,0,0,1,0,0,0,3,0,0,0,0,3,0
7.79835429064499,1,1,0,18,0,0,0,0,0,0,0,2,1,1,3,0,1,0,1,1,0,0,1,2,4,3,0,3,0,0
12.6657612390786,1,1,0,17,0,1,1,1,3,2,1,1,1,2,0,0,0,0,0,1,1,1,1,3,1,0,0,0,3,5
8.440918908345,0,1,1,16,0,1,3,2,3,2,1,1,1,1,1,0,1,1,1,0,1,1,1,3,4,4,0,2,1,4
13.2329410535106,1,1,0,17,0,1,2,2,3,3,0,0,0,1,0,0,1,0,0,1,1,0,1,4,2,3,0,0,4,0
8.02923684837273,0,1,0,16,0,1,3,3,4,3,2,0,1,1,0,0,1,1,1,1,1,1,0,3,2,2,0,1,4,2
11.0486695577728,0,1,0,16,1,0,2,1,3,2,3,1,1,1,0,0,0,0,0,1,1,0,1,0,1,2,0,1,4,0
8.43160429003573,0,1,1,17,1,1,0,0,2,3,1,0,1,0,0,0,0,0,0,0,1,1,1,2,2,1,0,1,2,2
8.45732943125256,1,1,0,17,1,1,0,0,0,3,0,0,1,2,0,0,0,0,0,1,1,1,0,4,2,1,0,0,3,0
9.20760628381478,0,1,0,17,1,0,0,1,0,2,0,1,2,1,0,0,0,0,0,1,1,0,1,3,2,3,0,3,4,0
11.7564015014867,0,1,0,17,0,1,2,2,3,3,2,1,1,1,0,0,1,0,0,1,1,1,1,3,2,1,0,2,2,6
12.9809138496359,1,1,0,16,1,1,3,3,0,0,0,1,0,1,0,0,1,0,1,1,1,1,1,1,2,3,0,0,0,4
13.9801207274681,1,1,0,16,0,1,0,1,2,3,0,0,1,1,0,0,0,0,0,0,1,0,0,2,1,1,0,1,2,0
12.7167025238129,1,1,1,17,0,1,0,2,0,2,0,1,1,1,0,0,1,1,0,1,1,0,0,2,2,3,1,3,2,0
11.2611909054111,1,1,1,17,1,1,3,3,4,3,2,1,1,2,0,0,0,0,0,1,1,1,1,3,1,1,1,1,4,0
9.30541101608533,0,1,0,16,0,1,0,0,2,3,3,1,2,0,1,0,1,0,0,1,1,1,1,4,1,0,0,1,0,0
9.68075784573641,1,1,0,17,0,1,1,2,0,3,0,0,1,0,0,0,1,0,0,1,1,1,1,4,1,2,0,1,3,0
12.7990839308074,0,1,0,17,0,1,3,3,2,4,2,0,2,1,0,0,1,0,0,0,1,1,1,2,1,1,3,1,4,0
8.29911613284036,0,1,1,17,1,1,0,1,0,3,2,0,2,0,0,0,1,0,1,1,0,1,1,3,2,2,1,2,2,3
8.54369735425546,0,1,0,16,0,1,1,1,2,0,1,1,0,2,0,0,0,0,1,1,1,0,1,2,3,2,0,0,2,8
16.6824310191369,1,1,0,16,0,1,0,1,2,2,0,1,0,0,0,0,0,0,1,1,1,1,0,2,4,4,0,2,0,4
15.6182317933457,1,1,0,17,1,1,3,3,2,2,3,1,1,2,0,0,0,0,0,1,1,1,0,4,3,3,0,0,0,0
11.3686292932161,0,1,0,17,0,1,0,0,2,2,1,1,3,2,0,0,0,0,0,1,1,1,0,3,2,1,0,1,3,4
13.6581571818712,1,1,0,18,0,1,0,0,0,2,0,2,1,1,1,0,1,0,0,1,1,1,1,3,2,2,0,0,2,4
9.37231334095031,1,1,0,17,1,1,3,3,4,3,0,1,0,1,0,0,0,0,1,1,1,1,0,4,3,2,2,3,1,1
13.6475416711598,1,1,0,17,0,1,2,2,2,2,1,1,0,1,0,0,0,0,0,1,1,1,1,3,0,2,0,1,0,1
6.28647350834701,0,1,0,16,0,1,2,0,0,2,3,1,0,1,0,0,1,0,1,0,1,1,0,3,4,3,1,2,0,10
18.6232583367708,1,1,1,17,0,1,3,3,4,4,1,0,0,1,0,0,0,0,1,0,1,1,0,2,1,3,0,3,1,4
11.8262987807731,0,1,1,17,0,1,1,0,2,2,2,1,1,0,0,0,0,0,1,0,1,1,1,3,3,2,0,2,4,0
9.56184127033982,0,1,1,16,0,1,1,2,2,3,1,0,1,1,0,0,0,0,1,1,1,1,0,3,3,2,0,0,2,4
9.10524683773623,0,1,1,18,0,1,0,0,2,3,2,1,1,0,1,0,0,0,0,1,1,0,0,3,2,1,0,2,4,0
5.05432903963115,0,1,1,17,0,1,3,1,2,2,1,0,1,0,1,0,0,1,0,1,1,0,0,4,3,2,3,2,2,0
10.9722357119253,0,1,0,17,0,1,1,1,0,2,2,1,1,2,0,0,0,0,0,1,1,0,0,4,2,2,0,2,3,0
11.7736428031773,1,1,0,16,0,1,3,2,4,2,2,1,1,1,0,0,0,0,0,1,1,1,0,4,4,3,0,0,0,0
10.8697959902273,0,1,0,17,0,1,3,3,4,0,3,1,2,0,0,0,1,0,1,1,1,1,1,3,3,2,1,1,4,4
13.9114454837702,1,1,0,18,0,1,1,2,3,2,0,1,0,2,1,0,0,0,1,0,1,1,0,4,3,1,0,1,4,4
15.1206495101956,1,1,0,17,1,1,2,0,4,3,0,1,0,1,0,0,1,0,0,1,1,1,0,3,2,3,0,0,0,4
9.41321114172908,1,1,0,17,0,1,0,0,2,2,0,1,1,1,0,0,0,0,1,1,1,0,0,0,0,0,0,0,4,6
11.3051163983108,0,1,1,16,1,1,2,0,3,3,0,1,1,0,0,0,0,0,0,0,1,1,0,1,3,4,2,3,1,6
9.41797185744583,0,1,1,17,1,1,2,1,3,2,0,1,2,0,0,0,0,0,0,0,1,1,0,3,3,0,2,3,4,4
